bad_name,main_group,good_name,full_name,sex,notes
 Oul ,Baie Dankie,Ouli,Oulik,F,
.new male,Baie Dankie,New male,,,
Aapi ,Baie Dankie,Aapi,Aapie,F,
aapie,Baie Dankie,Aapi,Aapie,,
Aapie,Baie Dankie,Aapi,Aapie,F,
Baby Asis 2013,Baie Dankie,Aapi,Aapie,F,
 Aapi,Baie Dankie,Aapi,Aapie,F,
 Aapi ,Baie Dankie,Aapi,Aapie,F,
Aapie ,Baie Dankie,Aapi,Aapie,F,
Afri,Baie Dankie,Afr,Afrikaans,M,
Af,Baie Dankie,Afr,Afrikaans,M,
Af ,Baie Dankie,Afr,Afrikaans,M,
Afr ,Baie Dankie,Afr,Afrikaans,M,
Ak,Baie Dankie,Akk,Akkedis,M,
Roch ,Noha,Roc,Rochdale,,
Jix ,Noha,Jix,Jixi,M,
Jixi,Noha,Jix,Jixi,M,
Roch,Noha,Roc,Rochdale,M,
 Akk,Baie Dankie,Akk,Akkedis,M,
Akk ,Baie Dankie,Akk,Akkedis,M,
Als,Baie Dankie,Alsi,Alsiende,F,
 Alsi,Baie Dankie,Alsi,Alsiende,F,
Alsi ,Baie Dankie,Alsi,Alsiende,F,
Ar,Baie Dankie,,,,Arthur? There is no data for Arno in BD/LT
Ar.,Baie Dankie,,,,Arthur? There is no data for Arno in BD/LT
Art ,Baie Dankie,Art,Arthur,M,
Arthur,Baie Dankie,Art,Arthur,M,
 Art,Baie Dankie,Art,Arthur,,
Art ,Baie Dankie,Art,Arthur,M,
Asi,Baie Dankie,Asis,Asis,F,Asi & Asis = BD; Asia & Asiatic = Crossing
asis ,Baie Dankie,Asis,Asis,F,
asis,Baie Dankie,Asis,Asis,F,
 Asis,Baie Dankie,Asis,Asis,F,
asis ,Baie Dankie,Asis,Asis,F,
Asi,Baie Dankie,Asis,Asis,F,
Asis ,Baie Dankie,Asis,Asis,F,
ass,Baie Dankie,Ass,Asseblief,M,
asseblief ,Baie Dankie,Ass,Asseblief,M,
 Ass,Baie Dankie,Ass,Asseblief,M,
Ass ,Baie Dankie,Ass,Asseblief,M,
 Asseblief,Baie Dankie,Ass,Asseblief,M,
 Asseblief ,Baie Dankie,Ass,Asseblief,M,
Ass.,Baie Dankie,Ass,Asseblief,M,
Asseblief ,Baie Dankie,Ass,Asseblief,M,
Bin/Kom ,Baie Dankie,Bin/Kom,Komie,M,
Kom ,Baie Dankie,Bin/Kom,Komie,M,
Baby Aapi 2017,Baie Dankie,Aant,Aantreklik,M,
Baby Aapi 2018,Baie Dankie,,,,
Baby Gese 2017,Baie Dankie,Baby Gese 2017,,,
Baby Heer,Baie Dankie,Hond,Hondjie,F,
Honj,Baie Dankie,Hond,Hondjie,F,
Baby Heer 2016,Baie Dankie,Hond,Hondjie,F,
 Honji,Baie Dankie,Hond,Hondjie,F,
honj,Baie Dankie,Hond,Hondjie,F,
Honji,Baie Dankie,Hond,Hondjie,F,
Hond ,Baie Dankie,Hond,Hondjie,F,
Hondi,Baie Dankie,Hond,Hondjie,F,
baby heer,Baie Dankie,Hond,Hondjie,F,
Baby Heer 2017,Baie Dankie,Hee,Heelal,M,
Hibi ,Baie Dankie,Hibi,Hibiscus,F,
hibi,Baie Dankie,Hibi,Hibiscus,F,
Hibiscus,Baie Dankie,Hibi,Hibiscus,F,
 Hicc,Baie Dankie,Hibi,Hibiscus,F,
Hicc,Baie Dankie,Hibi,Hibiscus,F,
nibi,Baie Dankie,Hibi,Hibiscus,F,
 hibi,Baie Dankie,Hibi,Hibiscus,F,
Baby Hipp,Baie Dankie,Hibi,Hibiscus,F,
 hibi,Baie Dankie,Hibi,Hibiscus,F,
Hia ,Baie Dankie,Hia,Hiasint,M,
Hias,Baie Dankie,Hia,Hiasint,M,
Baby Hipp 2018,Baie Dankie,Hia,Hiasint,M,
.Baby Hipp,Baie Dankie,Hibi,Hibiscus,F,
Baby Hipp 2016,Baie Dankie,Hibi,Hibiscus,F,
Baby hipp,Baie Dankie,Hibi,Hibiscus,F,
Mid,Baie Dankie,Midd,Middag,F,
Midd ,Baie Dankie,Midd,Middag,F,
Baby Miel 2015,Baie Dankie,Midd,Middag,F,
Baby Miel 2017 ,Baie Dankie,Baby Miel 2017,Baby Miel 2017,unk,
Baby Numb 2017 ,Baie Dankie,Baby Numbies 2017,Baby Numbies 2017,,
Baby nurks 2017,Baie Dankie,Nuu,Nuuskierig,M,
Baby Nurk 2017,Baie Dankie,Nuu,Nuuskierig,M,
Baby Nurks 2017,Baie Dankie,Nuu,Nuuskierig,M,
Nuus,Baie Dankie,Nuu,Nuuskierig,M,
Nuu ,Baie Dankie,Nuu,Nuuskierig,M,
 Baby Nurk 2017,Baie Dankie,Nuu,Nuuskierig,M,
Baby Nies 2014 ,Baie Dankie,Baby Nies 2014,Baby Nies 2014,,
Non ,Baie Dankie,Non,Nonnitgie,M,
Nonn,Baie Dankie,Non,Nonnitgie,M,
Baby Nurk 2017,Baie Dankie,Nuu,Nuuskierig,M,
obsessie,Baie Dankie,Obse,Obsessie,F,
obse,Baie Dankie,Obse,Obsessie,F,
Obse ,Baie Dankie,Obse,Obsessie,F,
obse.,Baie Dankie,Obse,Obsessie,F,
Oerw ,Baie Dankie,Oerw,Oerwood,F,
Oerwood,Baie Dankie,Oerw,Oerwood,F,
Baby Ouli 2018,Baie Dankie,Oerw,Oerwood,F,
Obse.,Baie Dankie,Obse,Obsessie,F,
obse ,Baie Dankie,Obse,Obsessie,F,
Baby Ouli 2017,Baie Dankie,Obse,Obsessie,F,
Baby Pann 2017,Baie Dankie,Baby Pann 2017,Baby Pann 2017,,
Baby Pann 2018,Baie Dankie,,,,
Baby Potj 2017,Baie Dankie,Pom,Pomelo,M,
Baby Potj 2018,Baie Dankie,Baby Potj 2018,Baby Potj 2018,,
baby Siel 2017,Baie Dankie,Sirk,Sirkus,F,
Sirkus,Baie Dankie,Sirk,Sirkus,F,
Tipi ,Baie Dankie,Tipi,Tipies,F,
Tipp,Baie Dankie,Tipi,Tipies,F,
Tipies,Baie Dankie,Tipi,Tipies,F,
Baby Tipp 2012,Baie Dankie,Baby Tipi 2012,Baby Tipi 2012,,
Baby Tipi 2012 ,Baie Dankie,Baby Tipi 2012,Baby Tipi 2012,,
Sirk ,Baie Dankie,Sirk,Sirkus,F,
Soc ,Baie Dankie,Soc,Socotora,M,
 Soc,Baie Dankie,Soc,Socotora,M,
sirk,Baie Dankie,Sirk,Sirkus,F,
Baby Siel 2017,Baie Dankie,Sirk,Sirkus,F,
Baby Riss 2017,Baie Dankie,Rus,Rustig,,
Baby Siel 2018,Baie Dankie,Baby Siel 2018,Baby Siel 2018,,
Chou-chou,Baie Dankie,Enge,Engels,F,
Enge (Chou),Baie Dankie,Enge,Engels,F,
Lboks,Baie Dankie,Gese,Gesels,F,
LBoks,Baie Dankie,Gese,Gesels,F,
 Lblind,Baie Dankie,LBlind,Lblind,F,
Little Blind,Baie Dankie,LBlind,Little blind,F,
LBlind ,Baie Dankie,LBlind,Little blind,F,
lBlind ,Baie Dankie,LBlind,Little blind,F,
 LBlind ,Baie Dankie,LBlind,Little blind,F,
Little blind,Baie Dankie,LBlind,Little blind,F,
 Nyo ,Baie Dankie,Nyo,Nyoni,M,
Nyo ,Baie Dankie,Nyo,Nyoni,M,
Nyoni,Baie Dankie,Nyo,Nyoni,M,
Base,Baie Dankie,Bas,Base,M,
Bas ,Baie Dankie,Bas,Base,M,
hlo,Baie Dankie,Hlo,Hlo,M,
 hlo,Baie Dankie,Hlo,Hlo,M,
Hle ,Baie Dankie,Hlo,Hlo,M,
 Hlo,Baie Dankie,Hlo,Hlo,M,
Hle,Baie Dankie,Hlo,Hlo,M,
Hlo ,Baie Dankie,Hlo,Hlo,M,
Bin,Baie Dankie,Bin/Kom,Bin/Kom,M,
Fenix,Baie Dankie,Fen,Fenix,M,
Fen ,Baie Dankie,Fen,Fenix,M,
Che ,Baie Dankie,Che,Chernobyl,M,
Pal ,Baie Dankie,Pal,Pale,M,
Pale ,Baie Dankie,Pal,Pale,M,
 Baby Snor 2017,Baie Dankie,Sari,Sari,F,
Sari ,Baie Dankie,Sari,Sari,F,
Baby Snor 2017,Baie Dankie,Sari,Sari,F,
Rhe ,Baie Dankie,Rhe,Rheban,M,
 mad,Baie Dankie,Mad,Madagascar,M,
mad,Baie Dankie,Mad,Madagascar,M,
 Mad,Baie Dankie,Mad,Madagascar,M,
Mad ,Baie Dankie,Mad,Madagascar,M,
Baby Miel 2014 ,Baie Dankie,Baby Miel 2018,Baby Miel 2018,unk,
Baby Miel 2018 ,Baie Dankie,Baby Miel 2018,Baby Miel 2018,unk,
Polka,Baie Dankie,Puol,Puol,F,
Polk,Baie Dankie,Puol,Puol,F,
Baby Puol 2019 ,Baie Dankie,Baby Puol 2019,Baby Puol 2019,unk,
Baby puol 2019 ,Baie Dankie,Baby Puol 2019,Baby Puol 2019,unk,
Pom ,Baie Dankie,Pom,Pomelo,M,
Baby Potj 2017,Baie Dankie,Pom,Pomelo,M,
Baby Rede 2017,Baie Dankie,Baby Rede 2017,Baby Rede 2017,,
Kauai,Baie Dankie,Kau,Kauai,,
kau ,Baie Dankie,Kau,Kauai,M,
Kau ,Baie Dankie,Kau,Kauai,M,
Bocold,Baie Dankie,Boc,Bocold,M,
BOC,Baie Dankie,Boc,Bocold,M,
 boc,Baie Dankie,Boc,Bocold,M,
Boc ,Baie Dankie,Boc,Bocold,M,
boc,Baie Dankie,Boc,Bocold,M,
Handi,Baie Dankie,Hand,Handi,M,
hand ,Baie Dankie,Hand,Handi,M,
Hand ,Baie Dankie,Hand,Handi,M,
nyo,Baie Dankie,Nyo,Nyoni,M,
Nyo ,Baie Dankie,Nyo,Nyoni,M,
 Roo,Baie Dankie,Roo,Rooikat,M,
 Polk,Baie Dankie,Puol,Puol,F,
Polk,Baie Dankie,Puol,Puol,F,
Puol ,Baie Dankie,Puol,Puol,F,
Polka ,Baie Dankie,Puol,Puol,F,
Polka,Baie Dankie,Puol,Puol,F,
Baby Riss 2018,Baie Dankie,Baby Riss 2018,Baby Riss 2018,,
Heilweis,Baie Dankie,Hei,Heilweis,M,
Adder ,Baie Dankie,Add,Adder,M,
 Polka,Baie Dankie,Puol,Puol,F,
Polka ,Baie Dankie,Puol,Puol,F,
eina,Baie Dankie,Eina,Eina,,
Oort ,Baie Dankie,Oort,Oortjies,,
 Oort,Baie Dankie,Oort,Oortjies,,
Oortje,Baie Dankie,Oort,Oortjies,,
oortjies,Baie Dankie,Oort,Oortjies,,
Baby Ouli 2015,Baie Dankie,Oort,Oortjies,,
oort,Baie Dankie,Oort,Oortjies,,
Oortjies ,Baie Dankie,Oort,Oortjies,,
Oortjies,Baie Dankie,Oort,Oortjies,,
 Oortjies,Baie Dankie,Oort,Oortjies,,
nooi,Baie Dankie,Nooi,Nooiens,F,
nurk,Baie Dankie,Nurk,Nurks,F,
 Lblind,Baie Dankie,LBlind,Little blind/JL,F,
Lblind,Baie Dankie,LBlind,Little blind/JL,F,
 Adder,Baie Dankie,Add,Adder,M,
 Add,Baie Dankie,Add,Adder,M,
Ard ,Baie Dankie,Ard,Ardig,M,
Aal ,Baie Dankie,Aal,Aalwyn,M,
Aalw,Baie Dankie,Aal,Aalwyn,M,
Aal.,Baie Dankie,Aal,Aalwyn,M,
Ardi,Baie Dankie,Ard,Ardig,M,
Add ,Baie Dankie,Add,Adder,M,
Adder,Baie Dankie,Add,Adder,M,
Baby Aapi  2017,Baie Dankie,Aan,Aantreklik,,
 Baby Aapi 2017,Baie Dankie,Aan,Aantreklik,,
vin ,Baie Dankie,Vin,Vincent,M,
Vin ,Baie Dankie,Vin,Vincent,M,
Okuncane,Baie Dankie,Oku,Okuncane,M,
Oku ,Baie Dankie,Oku,Okuncane,M,
 Oku ,Baie Dankie,Oku,Okuncane,M,
Au,Noha,Auc,Auckland,M,
Au ,Noha,Auc,Auckland,M,
Auc,Noha,Auc,Auckland,M,
Ba,Noha,Bab,Babelas (M30), M,
Bab ,Noha,Bab,Babelas (M30), M,
 Bab,Noha,Bab,Babelas (M30), M,
Bab (Bab),Noha,Bab,Babelas (M30), M,
Safari ,Baie Dankie,Safa,Safari,F,
Bab (M30),Noha,Bab,Babelas (M30), M,
Baby Bela 2018 ,Noha,Baby Bela 2018,Baby Bela 2018,,
Gala ,Noha,Gala,Galati,F,
Galati,Noha,Gala,Galati,F,
Baby Gaya 2015,Noha,Gala,Galati,F,
Gabi ,Noha,Gabi,Gabilou,F,
Gabilou,Noha,Gabi,Gabilou,F,
gabi,Noha,Gabi,Gabilou,F,
Baby Gaya 2016,Noha,Gabi,Gabilou,F,
Gan ,Noha,Gan,Gangtok,M,
Gangtok,Noha,Gan,Gangtok,M,
Green,Noha,Gree,Greenbay,F,
Gris ,Noha,Gris,Griselles,F,
Grise,Noha,Gris,Griselles,F,
Griselles,Noha,Gris,Griselles,F,
Gree ,Noha,Gree,Greenbay,F,
Gang,Noha,Gan,Gangtok,M,
Baby Gaya 2017,Noha,Gan,Gangtok,M,
Baby Lima 2018,Noha,Baby Lima 2018,Baby Lima 2018,,
Baby Pret 2014,Noha,Pro,Propiano,M,
Pye ,Noha,Pye,Pyeongchang,M,
Prat ,Noha,Prat,Pratella,F,
Pratella,Noha,Prat,Pratella,F,
Pyeo,Noha,Pye,Pyeongchang,M,
Baby Pret 2017,Noha,Pye,Pyeongchang,M,
Baby Renn 2017,Noha,Rev,Revdanda,,
Baby Reva 2018,Noha,Rey,Reykjavik,,
Baby Riss 2015,Baie Dankie,Rat,Ratel,M,
Raba ,Noha,Raba,Rabat,F,
Ram ,Noha,Ram,Rambouillet,M,
Ramb,Noha,Ram,Rambouillet,M,
Rambouillet,Noha,Ram,Rambouillet,M,
Rabat,Noha,Raba,Rabat,F,
Baby Roma 2016,Noha,Raba,Rabat,F,
Baby Pret 2015,Noha,Pru,Pruszkow,M,
Rioj ,Noha,Rioj,Rioja,F,
Rioja,Noha,Rioj,Rioja,F,
Baby Roma 2017,Noha,Rioj,Rioja,F,
Uranium City,Noha,Ura,Uranium,M,
Uran,Noha,Ura,Uranium,M,
Ura ,Noha,Ura,Uranium,M,
Baby Upps 2017,Noha,Ura,Uranium,M,
Baby Xala 2017,Noha,Xal,Xaltepec,M,
Baby Xian 2016,Noha,Xia,Xiashan,M,
Baby Xian 2017,Noha,Xin,Xinji,M,
Baby Xian 2018,Noha,,,,
Guat ,Noha,Guat,Guatemala,,
Baby Gene 2016,Noha,Guat,Guatemala,,
Gla.,Noha,Gla,Glastonbury,,
Pret.,Noha,Pret,Pretoria,,
Pretl,Noha,Pret,Pretoria,,
ula,Noha,Ula,Ulanbaatar,,
..Xian,Noha,Xian,Xian,F,
.Can,Noha,Can,Cancun,,
.Xian,Noha,Xian,Xian,F,
Gov..,Noha,Gov,Govu,,
Gov.,Noha,Gov,Govu,,
Gov…,Noha,Gov,Govu,,
xian,Noha,Xian,Xian,F,
Govv,Noha,Gov,Govu,,
Upps.,Noha,Upps,Uppsala,,
Uppsl,Noha,Upps,Uppsala,,
upss,Noha,Upps,Uppsala,,
uji,Noha,Uji,Uji,,
Rosl ,Noha,Rosl,Roslin,F,
Bamako,Noha,Bam,Bamako,M,
Bari ,Noha,Bari,Bari,F,
Bar ,Noha,Bari,Bari,F,
Bama,Noha,Bam,Bamako,M,
Bam ,Noha,Bam,Bamako,M,
Bela ,Noha,Bela,Bela-Bela,F,
Baby Bela 2019 ,Noha,Baby Bela 2019,Baby Bela 2019,,
Beir ,Noha,Beir,Beirut,F,
Bei,Noha,Beir,Beirut,F,
Beirut,Noha,Beir,Beirut,F,
baby Bela 2019,Noha,Baby Bela 2019,Baby Bela 2019,F,
Bela-Bela,Noha,Bela,Bela-Bela,F,
bela,Noha,Bela,Bela-Bela,F,
Bemi ,Baie Dankie,Bemi,Beminde,F,
Bem,Baie Dankie,Bemi,Beminde,F,
New male blind eye,Baie Dankie,Bin/Kom,Bin/Kom,M,
Bin,Baie Dankie,Bin/Kom,Bingo/JM,M,
 Kom,Baie Dankie,Bin/Kom,Bingo/JM,M,
New male blind,Baie Dankie,Bin/Kom,Bingo/JM,M,
Unknown New male,Baie Dankie,Bin/Kom,Bingo/JM,M,
Unknown new bd male,Baie Dankie,Bin/Kom,Bingo/JM,M,
Unknown male (now blind eye),Baie Dankie,Bin/Kom,Bingo/JM,M,
Bingo,Baie Dankie,Bin/Kom,Bingo/JM,M,
Blixem,Baie Dankie,,,,
Bog,Noha,Bogo,Bogota,F,
 Bogo,Noha,Bogo,Bogota,F,
Baby Bogo 2012 ,Noha,Baby Bogo 2012,Baby Bogo 2012,,
baby Bogo 2012,Noha,Baby Bogo 2012,Baby Bogo 2012,,
Bogota,Noha,Bogo,Bogota,F,
Bogo ,Noha,Bogo,Bogota,F,
bos,Noha,Bos,Boston,,
Bos ,Noha,Bos,Boston,M,
Boston,Noha,Bos,Boston,M,
Boston ,Noha,Bos,Boston,M,
Boston .,Noha,Bos,Boston,M,
Bra,Noha,Bras,Brasilia,F,
 Bras,Noha,Bras,Brasilia,F,
Bri ,Noha,Bri,Brisbane,M,
Bris,Noha,Bri,Brisbane,M,
Brisbane,Noha,Bri,Brisbane,M,
Bras.,Noha,Bras,Brasilia,F,
Brasilia,Noha,Bras,Brasilia,F,
Bras ,Noha,Bras,Brasilia,F,
Broken tail,Baie Dankie,Mad,Madagascar,M,no idea!
Broken tail male,Baie Dankie,Mad,Madagascar,M,
Baby Bemi 2013 ,Baie Dankie,Baby Bemi 2013,Baby Bemi 2013,,
Bu,Baie Dankie,Bul,Bullebak,M,
 Bul,Baie Dankie,Bul,Bullebak,M,
Bul ,Baie Dankie,Bul,Bullebak,M,
Ca,Noha,,,,Cancun or Cameron?
Cancun,Noha,Can,Cancun,M,
ch,Noha,,,,Chernobyl or Charles
Ch,Noha,,,,Chernobyl or Charles
Ch ,Noha,,,,Chernobyl or Charles
che,Baie Dankie,Che,Chernobyl,M,
 Che ,Noha,Che,Chernobyl,M,
Che ,Noha,Che,Chernobyl,M,
Chernobyl,Baie Dankie,Che,Chernobyl,M,
Chou,Baie Dankie,Chou,,,or Engel (Chouchou/JC)
Chouchou,Baie Dankie,Chou,,,or Engel (Chouchou/JC)
Dag,Baie Dankie,Dagg,Dagga,F,
Dagga,Baie Dankie,Dagg,Dagga,F,
Dag ,Baie Dankie,Dagg,Dagga,F,
 Dap,Baie Dankie,Dap,Dapper,M,
Dap ,Baie Dankie,Dap,Dapper,M,
dap ,Baie Dankie,Dap,Dapper,M,
Daper,Baie Dankie,Dap,Dapper,M,
Dapper,Baie Dankie,Dap,Dapper,M,
Do ,Baie Dankie,,,,Donsig or Dokos?
Does Not Apply,Noha,,,,
 Don ,Baie Dankie,Don,Donsig,M,
Don ,Baie Dankie,Don,Donsig,M,
Donsig,Baie Dankie,Don,Donsig,M,Donsig or Dokos?
'downlip',Baie Dankie,,,,
Du,Noha,Dub,Dublin,M,
 Dwe,Baie Dankie,Dwe,Dwergie,M,
Dwergie,Baie Dankie,Dwe,Dwergie,M,
Dw,Baie Dankie,Dwe,Dwergie,M,
Dwe ,Baie Dankie,Dwe,Dwergie,M,
 eina,Baie Dankie,Eina,Eina,,
 Eina ,Baie Dankie,Eina,Eina,F,
Baby Eina 2018 ,Baie Dankie,Baby Eina 2018,Baby Eina 2018,,
Baby eina 2018,Baie Dankie,Baby Eina 2018,Baby Eina 2018,,
 Eina,Baie Dankie,Eina,Eina,F,
Eina ,Baie Dankie,Eina,Eina,F,
Enge ,Baie Dankie,Enge,Engels,F,Enge was before Chouchou
chou,Baie Dankie,Enge,Engels,F,
Chou,Baie Dankie,Enge,Engels,F,
 Enge,Baie Dankie,Enge,Engels,F,
Enge (Chou),Baie Dankie,Enge,Engels,F,
Engels,Baie Dankie,Enge,Engels,F,
Er,Baie Dankie,Ert,Ertjies/JA,M,
Er ,Noha,Ert,Ertjies/JA,M,
Ert,Noha,Ert,Ertjies/JA,M,
Ert ,Noha,Ert,Ertjies/JA,M,
Fee ,Baie Dankie,Feek,Feekie,F,
Foei ,Baie Dankie,Foei,Foei,F,
Foe,Baie Dankie,Foei,Foei,F,
Foe ,Baie Dankie,Foei,Foei,F,
Baby Siel 2016 ,Baie Dankie,Baby Siel 2016,Baby Siel 2016,,
Baby siel 2016,Baie Dankie,Baby Siel 2016,Baby Siel 2016,,
Sig ,Baie Dankie,Sig,Sigaret,M,
Baby Siel 2018,Baie Dankie,Sig,Sigaret,M,
Siga,Baie Dankie,Sig,Sigaret,M,
Feek ,Baie Dankie,Feek,Feekie,F,
Fee,Baie Dankie,Feek,Feekie,F,
Ga,Noha,,,,2 letter; Gaaf? But different main group
Gaa ,Baie Dankie,Gaa,Gaaf,M,4 letter
Unk 1Yo ,Noha,Unk 1Yo,Unk 1Yo,,
Gaaf  ,Baie Dankie,Gaa,Gaaf,M,4 letter
 Gaa,Baie Dankie,Gaa,Gaaf,M,4 letter
 Gaaf,Baie Dankie,Gaa,Gaaf,M,4 letter
Baby Gese 2017 ,Baie Dankie,Baby Gese 2017,Baby Gese 2017,,
baby Gese 2917,Baie Dankie,Baby Gese 2017,Baby Gese 2017,,
Goed,Baie Dankie,Goe,Goed,M,
Goe ,Baie Dankie,Goe,Goed,M,
 Gaaf ,Baie Dankie,Gaa,Gaaf,M,4 letter
Gaaf ,Baie Dankie,Gaa,Gaaf,M,4 letter
Gaia,Noha,,,,
Gar,Noha,,,,Garoua or Garry?
Gay,Noha,Gaya,Gaya,F,
 Gaya,Noha,Gaya,Gaya,F,
Baby Gaya 2018 ,Noha,Baby Gaya 2018,Baby Gaya 2018,,
baby Gaya 2018,Noha,Baby Gaya 2018,Baby Gaya 2018,,
Baby Gaya 2019 ,Noha,Baby Gaya 2019 ,Baby Gaya 2019 ,,
baby Gaya 2019 ,Noha,Baby Gaya 2019 ,Baby Gaya 2019 ,,
Gaya ,Noha,Gaya,Gaya,F,
Gaya.,Noha,Gaya,Gaya,F,
gen,Noha,Gene,Geneva,F,
Gen,Noha,Gene,Geneva,F,
Gen ,Noha,Gene,Geneva,F,
Baby Gene 2018 ,Noha,Baby Gene 2018,Baby Gene 2018,,
baby Gene 2018,Noha,Baby Gene 2018,Baby Gene 2018,,
Gar ,Noha,Gar,Garoua,M,
Garo,Noha,Gar,Garoua,M,
 Gene,Noha,Gene,Geneva,F,
Gene ,Noha,Gene,Geneva,F,
gese,Baie Dankie,Gese,Gesels (Little boks/JG),F,
 Gese,Baie Dankie,Gese,Gesels (Little boks/JG),F,
Gesels,Baie Dankie,Gese,Gesels (Little boks/JG),F,
Gese ,Baie Dankie,Gese,Gesels (Little boks/JG),F,
Gese (LBoks),Baie Dankie,Gese,Gesels (Little boks/JG),F,"Gese was previously Lboks, but it's now Gesel now"
Prague,Noha,Prag,Prague,F,
Prag ,Noha,Prag,Prague,F,
Gla ,Noha,Gla,Glastonburry,M,
Glastonberry,Noha,Gla,Glastonburry,M,
Gov ,Noha,Gov,Govu,M,
Gr,Noha,,,,Greenland? there's also a Granada(F)
Gr ,Noha,,,,Greenland? there's also a Granada(F)
gran,Noha,Gran,Granada,,
Grana,Noha,Gran,Granada,F,
Gran ,Noha,Gran,Granada,F,
Gu,Noha,,,,"gubh, gugu, guns and roses, gunya, guyaquil"
Guya,Noha,Guy,Guyaquil,M,
Guy ,Noha,Guy,Guyaquil,M,
Hak,Baie Dankie,Haki,Hakie,F,
Hak ,Baie Dankie,Haki,Hakie,F,
Hakie,Baie Dankie,Haki,Hakie,F,
Hakie ,Baie Dankie,Haki,Hakie,F,
haki,Baie Dankie,Haki,Hakie,F,
Baby Haki 2011 ,Baie Dankie,Baby Haki 2011,Baby Haki 2011,,
baby haki 2011 ,Baie Dankie,Baby Haki 2011,Baby Haki 2011,,
Baby haki 2011 ,Baie Dankie,Baby Haki 2011,Baby Haki 2011,,
Haki ,Baie Dankie,Haki,Hakie,F,
Ham ,Baie Dankie,Ham,Hamlet/SMA,M,
 Ham,Baie Dankie,Ham,Hamlet/SMA,M,
Hamlet,Baie Dankie,Ham,Hamlet/SMA,M,
heelal,Baie Dankie,Hee,Heelal,M,
Hee ,Baie Dankie,Hee,Heelal,M,
hee ,Baie Dankie,Hee,Heelal,M,
hee,Baie Dankie,Hee,Heelal,M,
heer ,Baie Dankie,Heer,Heerlik,F,
Heer  ,Baie Dankie,Heer,Heerlik,F,
Heerlik,Baie Dankie,Heer,Heerlik,F,it's Heer
Rat ,Baie Dankie,Rat,Ratel,M,
Rat.,Baie Dankie,Rat,Ratel,M,
rat,Baie Dankie,Rat,Ratel,M,
 Ratel,Baie Dankie,Rat,Ratel,M,
Rust ,Baie Dankie,Rust,Rustig,F,
Rus,Baie Dankie,Rust,Rustig,F,
Ridd,Baie Dankie,Rid,Ridder,M,
Rid ,Baie Dankie,Rid,Ridder,M,
Baby Rede 2019 ,Baie Dankie,Baby Rede 2019,Baby Rede 2019,,
Reen,Baie Dankie,Ree,Reenbog,M,
Ree ,Baie Dankie,Ree,Reenbog,M,
Ratel ,Baie Dankie,Rat,Ratel,M,
Ratel,Baie Dankie,Rat,Ratel,M,
heer,Baie Dankie,Heer,Heerlik,F,
heer ,Baie Dankie,Heer,Heerlik,F,
Baby Heer 2019 ,Baie Dankie,Baby Heer 2019,Baby Heer 2019,,
Baby heer 2019,Baie Dankie,Baby Heer 2019,Baby Heer 2019,,
baby heer 2019,Baie Dankie,Baby Heer 2019,Baby Heer 2019,,
 Heer,Baie Dankie,Heer,Heerlik,F,
Heer ,Baie Dankie,Heer,Heerlik,F,
Hei ,Baie Dankie,Hei,Heilweis,M,
 Heilweis,Baie Dankie,Hei,Heilweis,M,
 Hei,Baie Dankie,Hei,Heilweis,M,
heilweis ,Baie Dankie,Hei,Heilweis,M,
heilweis,Baie Dankie,Hei,Heilweis,M,
Heilweis ,Baie Dankie,Hei,Heilweis,M,
Hip,Baie Dankie,Hipp,Hippie,F,
Hippie,Baie Dankie,Hipp,Hippie,F,
 Hipp,Baie Dankie,Hipp,Hippie,F,
Hipp ,Baie Dankie,Hipp,Hippie,F,
 hwa,Baie Dankie,Hwa,Hwahwaza,M,
hwa,Baie Dankie,Hwa,Hwahwaza,M,
Is,Noha,,,,Istanbul/Isla Bonita?
Jae,Baie Dankie,,,,all jagerboon jaegerbomb?
Jaegerbomb,Baie Dankie,,,,all jagerboon jaegerbomb?
 Jag,Baie Dankie,Jag,Jagerbomb,,
Jag ,Baie Dankie,Jag,Jagerbomb,,
Jagerbomb,Baie Dankie,Jag,Jagerbomb,,
Jagg,Baie Dankie,Jag,Jagerbomb,,all jagerboon jaegerbomb?
Jagerboom,Baie Dankie,,,,all jagerboon jaegerbomb?
Jak,Noha,Jaka,Jakarta,F,
 Jaka,Noha,Jaka,Jakarta,F,
Jaka.,Noha,Jaka,Jakarta,F,
Jaka ,Noha,Jaka,Jakarta,F,
JC (Chouchou),Baie Dankie,,,,Chou or Engel?
JC (Chouchou).,Baie Dankie,,,,Chou or Engel?
JE (Bab),Baie Dankie,,,,JE (M30)' or Bab?
JE (M30),Baie Dankie,JE (M30),,,JE (M30)' or Bab?
Jedd,Noha,Jed,Jeddah,M,
Jeddah,Noha,Jed,Jeddah,M,
Jed ,Noha,Jed,Jeddah,M,
JG (LittleBoks),Baie Dankie,,,,Gese or Lboks?
Jih,Noha,,,,
Jil,Noha,Jill,Jillin,F,
Jill ,Noha,Jill,Jillin,F,
jill,Noha,Jill,Jillin,,
Jinka,Noha,Jink,Jinka,F,
 Jink,Noha,Jink,Jinka,F,
Jin,Noha,Jink,Jinka,F,
Baby Jink 2014 ,Noha,Baby Jink 2014,Baby Jink 2014,,
baby Jink 2014,Noha,Baby Jink 2014,Baby Jink 2014,,
Jia ,Noha,Jia,Jiamusi,M,
Jiam,Noha,Jia,Jiamusi,M,
Jink ,Noha,Jink,Jinka,F,
jink,Noha,Jink,Jinka,,
Jink.,Noha,Jink,Jinka,F,
Jix ,Noha,Jix,Jixi,M,
Joha ,Noha,Joha,Johannesburg,F,
Johan,Noha,Joha,Johannesburg,F,
Joh,Noha,Joha,Johannesburg,F,
Jixi,Noha,Jix,Jixi,M,
Jixi ,Noha,Jix,Jixi,M,
JL (LittleBlind),Baie Dankie,LBlind,Little blind/JL,F,
JM (Bingo),Baie Dankie,Bin/Kom,Bingo/JM,M,
Ju,Noha,Jun,Juneau,M,
Unw ,Baie Dankie,Unw,Unwavo,M,
unw,Baie Dankie,Unw,Unwavo,M,
Juneau,Noha,Jun,Juneau,M,
Jun ,Noha,Jun,Juneau,M,
Kai,Baie Dankie,Kaik,Kaiki,F,
Kie ,Baie Dankie,Kie,Kies,M,
Kies,Baie Dankie,Kie,Kies,M,
Kai,Baie Dankie,Kaik,Kaiki,F,
Kaik ,Baie Dankie,Kaik,Kaiki,F,
Ki,Baie Dankie,,,,Kies or Kilimanjaro
Ki ,Baie Dankie,,,,Kies or Kilimanjaro
Kie,Baie Dankie,Kie,Kies,M,good one
Koni ,Baie Dankie,Koni,Koninging,F,
Kon,Baie Dankie,Koni,Koninging,F,
Lau,Noha,,,,Laurel or Lausanne?
Lblind,Baie Dankie,LBlind,Little blind/JL,F,
Lblind  ,Baie Dankie,Lblind,Little blind/JL,F,
Lblind  ,Baie Dankie,LBlind,Little blind/JL,F,Lbli
L-blind,Baie Dankie,LBlind,Little blind/JL,F,
Lboks,Baie Dankie,Gese,,,Gese or Lboks?
LBoks,Baie Dankie,Gese,Gesels (Little boks/JG),,Gese or Lboks?
Le,Baie Dankie,,,,"Lekker, Lefty, or Lennon?"
Lekker,Baie Dankie,Lek,Lekker,M,
 Lek,Baie Dankie,Lek,Lekker,M,
Lek ,Baie Dankie,Lek,Lekker,M,
Lek,Baie Dankie,Lek,Lekker,M,
Hasie,Baie Dankie,Has,Hasie,F,
Baby Heer 2015,Baie Dankie,Has,Hasie,F,
Has ,Baie Dankie,Has,Hasie,F,
Hasie,Baie Dankie,Has,Hasie,F,
 Has,Baie Dankie,Has,Hasie,F,
Lha,Noha,Lhas,Lhassa,F,
Lha ,Noha,Lhas,Lhassa,F,
Lhas ,Noha,Lhas,Lhassa,F,
Lhas.,Noha,Lhas,Lhassa,F,
Lhass,Noha,Lhas,Lhassa,F,
Lhassa,Noha,Lhas,Lhassa,F,
 Lhas,Noha,Lhas,Lhassa,F,
Lhg,Noha,,,,
Lim,Noha,Lima,Lima,F,
Lim,Noha,Lima,Lima,F,
Laus ,Noha,Laus,Lausanne,F,
Lau,Noha,Laus,Lausanne,F,
Baby Lima 2019 ,Noha,Baby Lima 2019,Baby Lima 2019,,
baby Lima 2019,Noha,Baby Lima 2019,Baby Lima 2019,,
Baby Lima 2018 ,Noha,Baby Lima 2018,Baby Lima 2018,,
baby Lima 2018,Noha,Baby Lima 2018,Baby Lima 2018,,
lima,Noha,Lima,Lima,F,
Lima ,Noha,Lima,Lima,F,
Baby Lblind 2017 ,Baie Dankie,Baby Lblind 2017,Baby Lblind 2017,,
Baby LBlind 2017 ,Baie Dankie,Baby Lblind 2017,Baby Lblind 2017,,
Lewe ,Baie Dankie,Lewe,Lewe,F,
Lewe,Baie Dankie,Lewe,Lewe,F,
Baby Lblind 2018,Baie Dankie,Lewe,Lewe,F,
Baby LBlind 2018,Baie Dankie,Lewe,Lewe,F,
Littleblind,Baie Dankie,LBlind,Little blind/JL,F,
Little Blind,Baie Dankie,LBlind,Little blind/JL,F,Lbli should be name code
Little Skollie,Noha,Lskol,Little skollie,M,different groups
LittleSkollie,Baie Dankie,Lskol,Little skollie,M,different groups
LittleSkollie ,Baie Dankie,Lskol,Little skollie,M,different groups
LittleSkollie#,Baie Dankie,Lskol,Little skollie,M,different groups
Lo,Noha,,,,Lome or Louis
Lom,Noha,Lom,Lome,M,
Lom.,Noha,Lom,Lome,M,
Lome,Noha,Lom,Lome,M,
Lskol ,Noha,Lskol,Little skollie,M,
LSkol,Noha,Lskol,Little skollie,M,
LSkol ,Noha,Lskol,Little skollie,M,
Lskollie,Baie Dankie,Lskol,Little skollie,M,
M10,Noha,Neu,Neuchatel (M10),M,
M30,Noha,Bab,,,
Mad ,Baie Dankie,,,,Madonna or Madagascar?
Madagascar,Baie Dankie,Mad,Madagascar,M,Madagascar migrated into BD from Crossing!
Mee ,Baie Dankie,Mee,Meerkat,M,
 Meerkat ,Baie Dankie,Mee,Meerkat,M,"same, Meerkat, male Mee"
 Mee,Baie Dankie,Mee,Meerkat,M,
Meerkat ,Baie Dankie,Mee,Meerkat,M,"same, Meerkat, male Mee"
 Mevr,Baie Dankie,Mevr,Mevrou,F,
Mevrou,Baie Dankie,Mevr,Mevrou,F,
Mevr ,Baie Dankie,Mevr,Mevrou,F,
mevr,Baie Dankie,Mevr,Mevrou,F,"Mevr, female "
Mi,Noha,,,,Milano or Mississipi?
Mi ,Noha,,,,Milano or Mississipi?
 Miel,Baie Dankie,Miel,Mielies,F,
Mie,Baie Dankie,Miel,Mielies,F,
Miel ,Baie Dankie,Miel,Mielies,F,Mieles is Miel
Mielies,Baie Dankie,Miel,Mielies,F,
miel,Baie Dankie,Miel,Mielies,F,
miel ,Baie Dankie,Miel,Mielies,F,
Mil ,Baie Dankie,Mil,Milano,M,
 Mil,Baie Dankie,Mil,Milano,M,
mil,Baie Dankie,Mil,Milano,M,
New Male,Baie Dankie,New male,New Male,M,
Milano,Baie Dankie,Mil,Milano,M,
Moo,Baie Dankie,Mooi,Mooi,F,
Moo ,Baie Dankie,Mooi,Mooi,F,
Mooi ,Baie Dankie,Mooi,Mooi,F,
 Mooi,Baie Dankie,Mooi,Mooi,F,
Mvula,Baie Dankie,Mvu,Mvula,M,
Mvu ,Baie Dankie,Mvu,Mvula,M,
 Mvu,Baie Dankie,Mvu,Mvula,M,
Moo ,Baie Dankie,Mooi,Mooi,F,
mooi ,Baie Dankie,Mooi,Mooi,F,
Moo,Baie Dankie,Mooi,Mooi,F,
Mooi  ,Baie Dankie,Mooi,Mooi,F,
Nam,Baie Dankie,Namn,Nam nam,F,
Nam ,Baie Dankie,Namn,Nam nam,F,
Namn ,Baie Dankie,Namn,Nam nam,F,
neuchatel,Baie Dankie,Neu,Neuchatel (M10),M,
 Neu ,Baie Dankie,Neu,Neuchatel (M10),M,
Neu.,Baie Dankie,Neu,Neuchatel (M10),M,
Neu ,Baie Dankie,Neu,Neuchatel (M10),M,
new male,Baie Dankie,,,,
New male,Baie Dankie,,,,
New male mustache,Baie Dankie,,,,
New male mustache+scar,Baie Dankie,,,,
New male with angry brow,Baie Dankie,,,,
Newmald,Noha,,,,
newton,Baie Dankie,New,Newton,M,
Newton,Baie Dankie,New,Newton,M,
Newton ,Baie Dankie,New,Newton,M,
Nie,Baie Dankie,Nies,Niese,F,
Nie ,Baie Dankie,Nies,Niese,F,
 Nies,Baie Dankie,Nies,Niese,F,"Nies, it was a female Niese"
Nies ,Baie Dankie,Nies,Niese,F,
no,Baie Dankie,,,,Noah or Noktober
No,Baie Dankie,,,,Noah or Noktober
Nok ,Baie Dankie,Nok,Noktober,M,
Noktober,Baie Dankie,Nok,Noktober,M,
 Nok,Baie Dankie,Nok,Noktober,M,
nooi ,Baie Dankie,Nooi,Nooiens,F,
 Noo,Baie Dankie,Nooi,Nooiens,F,"Nooi, female"
 Nooi,Baie Dankie,Nooi,Nooiens,F,"Nooi, female"
Nooi ,Baie Dankie,Nooi,Nooiens,F,"Nooi, female"
Noo,Baie Dankie,Nooi,Nooiens,F,"Nooi, female"
Nirt ,Baie Dankie,Nirt,Nirtjies,F,
Nirtj,Baie Dankie,Nirt,Nirtjies,F,
Baby Numb 2014,Baie Dankie,Nooi,Nooi,F,
Baby Numb 2019 ,Baie Dankie,Baby Numb 2019,Baby Numb 2019,unk,
 nooi,Baie Dankie,Nooi,Nooiens,F,"Nooi, female"
Nooiens ,Baie Dankie,Nooi,Nooiens,F,
Nu,Baie Dankie,,,,
Numb ,Baie Dankie,Numb,Numbies,F,
Num,Baie Dankie,Numb,Numbies,F,
Num,Baie Dankie,Numb,Numbies,F,
 Numb,Baie Dankie,Numb,Numbies,F,
numb,Baie Dankie,Numb,Numbies,F,Numb
Nur,Baie Dankie,Nurk,Nurks,F,
Nurks,Baie Dankie,Nurk,Nurks,F,Nurk
 Nurk,Baie Dankie,Nurk,Nurks,F,Nurk
 nurk,Baie Dankie,Nurk,Nurks,F,
Baby Nurk 2018 ,Baie Dankie,Baby Nurk 2018,Baby Nurk 2018,,
baby Nurk 2018,Baie Dankie,Baby Nurk 2018,Baby Nurk 2018,,
Naa,Baie Dankie,Naal,Naaldekoker,F,
Naal ,Baie Dankie,Naal,Naaldekoker,F,
Baby Nurk 2018 ,Baie Dankie,Baby Nurk 2018,Baby Nurk 2018,unk,
baby Nurk 2018,Baie Dankie,Baby Nurk 2018,Baby Nurk 2018,unk,
Nucl ,Baie Dankie,Nucl,Nuclides,F,
Nucl ,Baie Dankie,Nucl,Nuclides,F,
nurks,Baie Dankie,Nurk,Nurks,F,
Nurk ,Baie Dankie,Nurk,Nurks,F,Nurk
Obe ,Baie Dankie,Obe,Obelisk,M,Obe should be
 Obe,Baie Dankie,Obe,Obelisk,M,
obe,Baie Dankie,Obe,Obelisk,M,
obelisk ,Baie Dankie,Obe,Obelisk,M,
Obelisk ,Baie Dankie,Obe,Obelisk,M,
Ogi ,Baie Dankie,Ogi,Ogies,M,
Og,Baie Dankie,Ogi,Ogies,M,
 Ogi,Baie Dankie,Ogi,Ogies,M,
Ogies,Baie Dankie,Ogi,Ogies,M,
Ok,Baie Dankie,,,,Oku or Oka?
On,Baie Dankie,Onb,Onbeskof,M,Onb
 Onb,Baie Dankie,Onb,Onbeskof,M,
Onb ,Baie Dankie,Onb,Onbeskof,M,
Oo,Baie Dankie,Oom,Oom,M,or Oort(U)
 Ouli,Baie Dankie,Ouli,Oulik,F,
Oul,Baie Dankie,Ouli,Oulik,F,
Oul ,Baie Dankie,Ouli,Oulik,F,
 Ouli ,Baie Dankie,Ouli,Oulik,F,
Ouli ,Baie Dankie,Ouli,Oulik,F,Ouli
ouli,Baie Dankie,Ouli,Oulik,F,Ouli
 Ouli ,Baie Dankie,Ouli,Oulik,F,
Pa,Baie Dankie,,,,Pale/Papsak/Pat Lansky or female?
Pale,Baie Dankie,Pal,Pale,M,
 pal,Baie Dankie,Pal,Pale,M,
Pal ,Baie Dankie,Pal,Pale,M,
 Pal,Baie Dankie,Pal,Pale,M,
 Pale,Baie Dankie,Pal,Pale,M,
pal,Baie Dankie,Pal,Pale,M,"Pal, second group after first migration is BD"
pale,Baie Dankie,Pal,Pale,M,"Pal, second group after first migration is BD"
Pan,Baie Dankie,Pann,Pannekoekie,F,
Pan ,Baie Dankie,Pann,Pannekoekie,F,Pann
pann,Baie Dankie,Pann,Pannekoekie,F,
 Pann ,Baie Dankie,Pann,Pannekoekie,F,
Pann ,Baie Dankie,Pann,Pannekoekie,F,
Paps,Baie Dankie,Pap,Papsak,M,
Pap ,Baie Dankie,Pap,Papsak,M,
Papsak,Baie Dankie,Pap,Papsak,M,
Baby Pann 2014 ,Baie Dankie,Baby Pann 2014,Baby Pann 2014,unk,
Baby Pann 2015 ,Baie Dankie,Baby Pann 2015,Baby Pann 2015,unk,
Baby Pann 2019 ,Baie Dankie,Baby Pann 2019,Baby Pann 2015,unk,
Pan,Baie Dankie,Pann,Pannekoekie,F,
Spam ,Baie Dankie,Spam,Spampounkoeki,F,
Spa,Baie Dankie,Spam,Spampounkoeki,F,
 Pann ,Baie Dankie,Pann,Pannekoekie,F,
pann,Baie Dankie,Pann,Pannekoekie,F,
 Pari,Noha,Pari,Paris,F,
Paris,Noha,Pari,Paris,F,
Par,Noha,Pari,Paris,F,
Par ,Noha,Pari,Paris,F,
Pari.,Noha,Pari,Paris,F,
Pari ,Noha,Pari,Paris,F,
Pi,Baie Dankie,,,,Pik(M) or Pikito(M) or Pia(U)
Pi ,Baie Dankie,,,,Pik(M) or Pikito(M) or Pia(U)
pie,Baie Dankie,Piep,Pieperig,F,
Pie,Baie Dankie,Piep,Pieperig,F,Piep
piep,Baie Dankie,Piep,Pieperig,F,
 piep,Baie Dankie,Piep,Pieperig,F,
piep ,Baie Dankie,Piep,Pieperig,F,
 Piep ,Baie Dankie,Piep,Pieperig,F,
Piep ,Baie Dankie,Piep,Pieperig,F,
Pik,Baie Dankie,,,,Pik(M) or Pikito(M)
Ples ,Baie Dankie,Ples,Plesier,F,
 Ples,Baie Dankie,Ples,Plesier,F,
Plesier ,Baie Dankie,Ples,Plesier,F,
Po,Baie Dankie,,,,Poi(U) or Pol(U)
Po.,Noha,,,,Poi(U) or Pol(U)
 Poe ,Baie Dankie,Poe,Poeding,M,Poe
Poe ,Baie Dankie,Poe,Poeding,M,Poe
poe ,Baie Dankie,Poe,Poeding,M,Poe
 Poe,Baie Dankie,Poe,Poeding,M,Poe
Puol ,Baie Dankie,Puol,Puol,F,
 Puol,Baie Dankie,Puol,Puol,F,
polk,Baie Dankie,Puol,Puol,F,
Pixs,Baie Dankie,Pix,Pixsel,M,
Poff ,Baie Dankie,Poff,Poffertjie,F,
Pof,Baie Dankie,Poff,Poffertjie,F,
Baby Potj 2019 ,Baie Dankie,Baby Potj 2019,Baby Potj 2019,unk,
Baby Potj 2019 ,Baie Dankie,Baby Potj 2019,Baby Potj 2019,unk,
Pix ,Baie Dankie,Pix,Pixsel,M,
polka,Baie Dankie,Puol,Puol,F,
Polka,Baie Dankie,Puol,Puol,F,
Potjie,Baie Dankie,Potj,Potjie,F,
Pot,Baie Dankie,Potj,Potjie,F,Potj
Potjie ,Baie Dankie,Potj,Potjie,F,
 Potj ,Baie Dankie,Potj,Potjie,F,
 Potj,Baie Dankie,Potj,Potjie,F,
Potj ,Baie Dankie,Potj,Potjie,F,
prai,Noha,Prai,Praia,,
Prai ,Noha,Prai,Praia,F,
Praia ,Noha,Prai,Praia,F,
pre,Noha,Pret,Pretoria,F,
Pre,Noha,Pret,Pretoria,F,
Pre ,Noha,Pret,Pretoria,F,
 Pret,Noha,Pret,Pretoria,F,
Pret ,Noha,Pret,Pretoria,F,
Preto,Noha,Pret,Pretoria,F,
 Pret ,Noha,Pret,Pretoria,F,
Baby Pret 2019 ,Noha,Baby Pret 2019,Baby Pret 2019,,
baby Pret 2019,Noha,Baby Pret 2019,Baby Pret 2019,,
Pret.,Noha,Pret,Pretoria,F,
Preto,Noha,Pret,Pretoria,F,
prin,Baie Dankie,Prin,Prinses,F,
Pri ,Baie Dankie,Prin,Prinses,F,Prin the good one
 Prin,Baie Dankie,Prin,Prinses,F,
Pri,Baie Dankie,Prin,Prinses,F,
Prin ,Baie Dankie,Prin,Prinses,F,
Pri,Baie Dankie,Prin,Prinses,F,
prin ,Baie Dankie,Prin,Prinses,F,
Propiano,Noha,Pro,Propiano,M,
Pro ,Noha,Pro,Propiano,M,
Prob Auc,Baie Dankie,Auc,,,
Prob Sty,Noha,Sty,,,
Prqi,Noha,Prai,,,
Pru ,Noha,Pru,Pruszkow,M,
Prus,Noha,Pru,Pruszkow,M,
pru,Noha,Pru,Pruszkow,M,
Pu,Noha,Pue,Puerto,M,
Puer,Noha,Pue,Puerto,M,
Puerto,Noha,Pue,Puerto,M,
Pue ,Noha,Pue,Puerto,M,
Qu,Noha,Qui,Quito/Santiago,M,3 groups for Quito?
Ra,Baie Dankie,Rak,Rakker,M,or Rate(U)
 Rak,Baie Dankie,Rak,Rakker,M,
Rak ,Baie Dankie,Rak,Rakker,M,
rede,Baie Dankie,Rede,Redelik,F,
 Redelik ,Baie Dankie,Rede,Redelik,F,
rede ,Baie Dankie,Rede,Redelik,F,
Rede ,Baie Dankie,Rede,Redelik,F,Rede is Redelik
 Rede,Baie Dankie,Rede,Redelik,F,Rede is Redelik
rede ,Baie Dankie,Rede,Redelik,F,
 rede,Baie Dankie,Rede,Redelik,F,
Redelik ,Baie Dankie,Rede,Redelik,F,
 Renn,Noha,Renn,Rennes,F,
Renn ,Noha,Renn,Rennes,F,
Regi ,Noha,Regi,Regina,F,
Reg ,Noha,Regi,Regina,F,
Regina,Noha,Regi,Regina,F,
Ren ,Noha,Ren,Reno,M,
Reno,Noha,Ren,Reno,M,
Renn. ,Noha,Renn,Rennes,F,
Rennes ,Noha,Renn,Rennes,F,
Reva ,Noha,Reva,Reva,F,
Reva.,Noha,Reva,Reva,F,
Rev ,Noha,Rev,Revdanda,M,
Revd,Noha,Rev,Revdanda,M,
Revdanda,Noha,Rev,Revdanda,M,
Baby Renn 2017,Noha,Rev,Revdanda,M,
 Reva,Noha,Reva,Reva,F,
Rhe ,Noha,Rhe,Rheban,M,
Rheb,Noha,Rhe,Rheban,M,
Rheban,Noha,Rhe,Rheban,M,
Baby Reva 2019 ,Noha,Baby Reva 2019,,,
baby Reva 2019,Noha,Baby Reva 2019,,,
Reva  ,Noha,Reva,Reva,F,
reva,Noha,Reva,Reva,F,
Rey ,Noha,Rey,Reykjavik,M,
Reykjavik,Noha,Rey,Reykjavik,M,
rey,Noha,Rey,Reykjavik,M,
rhe,Baie Dankie,Rhe,Rheban,M,
rheban,Baie Dankie,Rhe,Rheban,M,
Rh,Baie Dankie,Rhe,Rheban,M,
Rheban,Baie Dankie,Rhe,Rheban,M,
Ri,Noha,,,,Rio or Richard?
Rio ,Noha,Rio,Rio,M,
Ris,Baie Dankie,Riss,Rissiepit,F,
Ris ,Baie Dankie,Riss,Rissiepit,F,Riss is the good one!
 Riss,Baie Dankie,Riss,Rissiepit,F,
Riss.,Baie Dankie,Riss,Rissiepit,,
SF1,Baie Dankie,Riss,Rissiepit,F,
Ris,Baie Dankie,Riss,Rissiepit,F,
Ris ,Baie Dankie,Riss,Rissiepit,F,
 Riss,Baie Dankie,Riss,Rissiepit,F,
Riss ,Baie Dankie,Riss,Rissiepit,F,
Riya,Noha,Riy,Riyadh,M,
Riyadh,Noha,Riy,Riyadh,M,
Riy ,Noha,Riy,Riyadh,M,
Ro,Baie Dankie,,,,Robin/Rooikat/Roslin?
Rom,Noha,Roma,Roma,F,
Rom ,Noha,Roma,Roma,F,
Roma.,Noha,Roma,Roma,F,
 Roma,Noha,Roma,Roma,F,
roma,Noha,Roma,Roma,F,
Roma ,Noha,Roma,Roma,F,
 Roo,Baie Dankie,Roo,Rooikat,M,
Roo ,Baie Dankie,Roo,Rooikat,M,
Ru,Baie Dankie,,,,Rupert/Rusk?
Ru ,Baie Dankie,,,,Rupert/Rusk?
 Safa,Baie Dankie,Safa,Safari,F,
Safa ,Baie Dankie,Safa,Safari,F,
Baby Snor 2015 ,Baie Dankie,Baby Snor 2015,Baby Snor 2015,unk,
baby Snor 2015,Baie Dankie,Baby Snor 2015,Baby Snor 2015,unk,
Skem ,Baie Dankie,Skem,Skem,F,
Ske,Baie Dankie,Skem,Skem,F,
 Safari ,Baie Dankie,Safa,Safari,F,Safari is Safa
Safari ,Baie Dankie,Safa,Safari,F,Safari is Safa
Sie,Baie Dankie,Siel,Siele,F,Siel
siel ,Baie Dankie,Siel,Siele,F,Siel
siel,Baie Dankie,Siel,Siele,F,Siel
 Siel ,Baie Dankie,Siel,Siele,F,
 Siel,Baie Dankie,Siel,Siele,F,
Siel ,Baie Dankie,Siel,Siele,F,
Sno,Baie Dankie,Snor,Snorretjie,F,
 Snor,Baie Dankie,Snor,Snorretjie,F,Snor
Son,Baie Dankie,Snor,Snorretjie,F,Snor
Sno ,Baie Dankie,Snor,Snorretjie,F,Snor
Snor ,Baie Dankie,Snor,Snorretjie,F,Snor
Sno,Baie Dankie,Snor,Snorretjie,F,Snor
snor,Baie Dankie,Snor,Snorretjie,F,Snor
Soc ,Baie Dankie,Soc,Socotora,M,
Soc ,Baie Dankie,Soc,Socotora,M,"Socotora's first group was Crossing, but when he was identified and named there was not way to register in the palm, therefore there is no data going as back as that, but his first group Crossing, second group BD"
socotora,Baie Dankie,Soc,Socotora,M,
Socotora,Baie Dankie,Soc,Socotora,M,
sp,Baie Dankie,Spo,Spook,,
Sp,Baie Dankie,Spo,Spook,,
 Spo,Baie Dankie,Spo,Spook,,
Spo ,Baie Dankie,Spo,Spook,,"Spook was male from BD migrating later into Crossing, Spo"
Sty ,Noha,Sty,Styx (Little Evil),M,
Sty ,Noha,Sty,Styx (Little Evil),M,
Sty (LEvil),Noha,Sty,Styx (Little Evil),M,
Sty (Little Evil),Noha,Sty,Styx (Little Evil),M,
Ta,Noha,Tal,Talinn,M,or Tasmania(U)
Talinn,Noha,Tal,Talinn,M,
Tal ,Noha,Tal,Talinn,M,
Ti,Noha,Tir,Tirroan,M,
Tip ,Baie Dankie,Tipi,Tipies,F,
Tip,Baie Dankie,Tipi,Tipies,F,
Tir ,Noha,Tir,Tirroan,M,
Tir.,Noha,Tir,Tirroan,M,
To,Noha,,,,Toronto or Toulouse
To ,Noha,,,,Toronto or Toulouse
Tor ,Baie Dankie,Tor,Toronto,M,
 Tor,Baie Dankie,Tor,Toronto,M,
Toronto,Baie Dankie,Tor,Toronto,M,
Torr,Noha,,,,Toronto?
Baby Troi 2015 ,Noha,Baby Troi 2015,Baby Troi 2015,,
baby Troi 2015,Noha,Baby Troi 2015,Baby Troi 2015,,
Toulouse,Noha,Tou,Toulouse,M,
Tou ,Noha,Tou,Toulouse,M,
Tro,Noha,Troi,Troia,F,
Troia,Noha,Troi,Troia,F,
 Troi,Noha,Troi,Troia,F,
Troi.,Noha,Troi,Troia,F,
Tor ,Noha,Tor,Tor,M,
Toronto,Noha,Tor,Tor,M,
Tun ,Noha,Tuin,Tunis,M,
Tunis,Noha,Tun,Tunis,M,
Troia ,Noha,Troi,Troia,F,
Troi ,Noha,Troi,Troia,F,
twe,Noha,Twe,,,
 Twe,Noha,Twe,Tweed (Fluffy),M,
Twe ,Noha,Twe,Tweed (Fluffy),M,
Twe (Fluffy),Noha,Twe,Tweed (Fluffy),M,
Ubu ,Baie Dankie,Ubu,Ububhibhi,M,
 ubu,Baie Dankie,Ubu,Ububhibhi,M,
ubu ,Baie Dankie,Ubu,Ububhibhi,M,
ubu,Baie Dankie,Ubu,Ububhibhi,M,
Uji ,Noha,Uji,Uji,M,
Uji ,Noha,Uji,Uji,M,
Ul,Noha,,,,Ulaanbaatar/Ulundi?
Ul.,Noha,,,,Ulaanbaatar/Ulundi?
Ula ,Noha,Ula,Ulaanbaatar,,
Ulan,Noha,Ula,Ulaanbaatar,,
Ulsa,Noha,Uls,Ulsan,M,
Uls ,Noha,Uls,Ulsan,M,
Ula.,Noha,Ula,Ulaanbaatar,,
ula.,Noha,Ula,,,
Baby Upps 2012 ,Noha,Baby Upps 2012,Baby Upps 2012,,
baby Upps 2012,Noha,Baby Upps 2012,Baby Upps 2012,,
Ulundi,Noha,Ulu,Ulundi,M,
Ulu ,Noha,Ulu,Ulundi,M,
umt,Noha,Umt,Umtata,,
Umt ,Noha,Umt,Umtata,M,
Unk male (Au/Ch),Noha,,,,
Unknown ½new? male,Baie Dankie,,,,
Unknown Male - 2nd new Vo7.,Baie Dankie,,,,
Unknown Male - Milano?,Baie Dankie,,,,
Unknown male 'downlip',Baie Dankie,,,,
Unknown new male,Baie Dankie,,,,
Unknown New male,Baie Dankie,,,,
Unknown 'new' male,Baie Dankie,,,,
Upp,Noha,Upps,Uppsala,F,
Upp ,Noha,Upps,Uppsala,F,
upps,Noha,Upps,Uppsala,F,
Ups,Noha,Upps,Uppsala,F,
 Upps,Noha,Upps,Uppsala,F,
Upps ,Noha,Upps,Uppsala,F,
Va,Baie Dankie,,,,Vakie(M) or Vance(M) Or Vancouver(U)?
 Vak,Baie Dankie,Vak,Vakie,M,
 vak,Baie Dankie,Vak,Vakie,M,
vak ,Baie Dankie,Vak,Vakie,M,
vak,Baie Dankie,Vak,Vakie,M,
Vak ,Baie Dankie,Vak,Vakie,M,
Vro,Baie Dankie,Vrou,Vroutjie,F,
Vroutjie,Baie Dankie,Vrou,Vroutjie,F,should be Vrou
Vrou ,Baie Dankie,Vrou,Vroutjie,F,
Vro ,Baie Dankie,Vrou,Vroutjie,F,should be Vrou
Vu,Baie Dankie,Vul,Vulkaan,M,
VulRt,Baie Dankie,Vul,Vulkaan,M,
 Vul,Baie Dankie,Vul,Vulkaan,M,fine yes vul
Vulk,Baie Dankie,Vul,Vulkaan,M,
Vul ,Baie Dankie,Vul,Vulkaan,M,fine yes vul
Watn ,Baie Dankie,Watn,Watnou,F,
Wat,Baie Dankie,Watn,Watnou,F,
Wie ,Baie Dankie,Wiet,Wietnie,F,Wierdo(F) or Wietnie(F)
Wiet ,Baie Dankie,Wiet,Wietnie,F,
Baby Wiet 2013 ,Baie Dankie,Baby Wiet 2013,Baby Wiet 2013,,
Baby wiet 2013,Baie Dankie,Baby Wiet 2013,Baby Wiet 2013,,
Wietnie,Baie Dankie,Wiet,Wietnie,F,Wierdo(F) or Wietnie(F)
Wie,Baie Dankie,Wiet,Wietnie,F,Wierdo(F) or Wietnie(F)
Wolfie,Baie Dankie,Wol,Wolfie,M,
Wol ,Baie Dankie,Wol,Wolfie,M,
 Wol,Baie Dankie,Wol,Wolfie,M,Wolfie's fist and natal group is BD and then second group only AK
Wu,Baie Dankie,Wur,Wurm,M,
Wurm,Baie Dankie,Wur,Wurm,M,
 Wurm,Baie Dankie,Wur,Wurm,M,
 Wur,Baie Dankie,Wur,Wurm,M,
wurm,Baie Dankie,Wur,Wurm,M,
Wur ,Baie Dankie,Wur,Wurm,M,
xai,Noha,Xaix,Xai-Xai,F,there is a male Xai in life history
Xai,Noha,Xaix,Xai-Xai,F,there is a male Xai in life history
Xai-Xai,Noha,Xaix,Xai-Xai,F,there is a male Xai in life history
Xai-Xai ,Noha,Xaix,Xai-Xai,F,
Xai-Xai.,Noha,Xaix,Xai-Xai,F,
 Xai-Xai,Noha,Xaix,Xai-Xai,F,
xai-Xai,Noha,Xaix,Xai-Xai,F,
Xaix ,Noha,Xaix,Xai-Xai,F,
Xal ,Noha,Xal,Xaltepec,M,
Xaltepec,Noha,Xal,Xaltepec,M,
Baby Xala 2018 ,Noha,Baby Xala 2018,Baby Xala 2018,,
baby Xala 2018,Noha,Baby Xala 2018,Baby Xala 2018,,
Baby Xala 2019 ,Noha,Baby Xala 2019,Baby Xala 2019,,
baby Xala 2019,Noha,Baby Xala 2019,Baby Xala 2019,,
Xala ,Noha,Xala,Xalapa,F,
Xin ,Noha,Xin,Xinji,M,
Xinpu,Noha,Xinp,Xinpu,F,
Xinp ,Noha,Xinp,Xinpu,F,
Xinji,Noha,Xin,Xinji,M,
Baby Xian 2019 ,Noha,Baby Xian 2019,Baby Xian 2019,,
baby Xian 2019,Noha,Baby Xian 2019,Baby Xian 2019,,
Xiny ,Noha,Xiny,Xinyi,F,
Xinyi,Noha,Xiny,Xinyi,F,
Xiny  ,Noha,Xiny,Xinyi,F,
Xala.,Noha,Xala,Xalapa,F,
 Xala,Noha,Xala,Xalapa,F,
Xalapa ,Noha,Xala,Xalapa,F,
Xe,Noha,Xer,Xeres,M,
Xere,Noha,Xer,Xeres,M,
Xeres,Noha,Xer,Xeres,M,
Xer ,Noha,Xer,Xeres,M,
xia,Noha,Xian,Xian,F,there is a Xiashan in life history
Xia,Noha,Xian,Xian,F,there is a Xiashan in life history
Xian ,Noha,Xian,Xian,F,
Xo,Noha,Xox,Xoxocotla,M,
Xoxocotla,Noha,Xox,Xoxocotla,M,
Xox ,Noha,Xox,Xoxocotla,M,
 Yaou,Noha,Yaou,Yaounde,F,
Yao,Noha,Yaou,Yaounde,F,
Baby Yaou 2014 ,Noha,Baby Yaou 2014,Baby Yaou 2014,,
baby Yaou 2014,Noha,Baby Yaou 2014,Baby Yaou 2014,,
Yaounde,Noha,Yaou,Yaounde,F,
Yaou ,Noha,Yaou,Yaounde,F,
Yoo ,Noha,Yoog,Yoogali,F,
Yooga,Noha,Yoog,Yoogali,F,
Yoogali,Noha,Yoog,Yoogali,F,
Yoog ,Noha,Yoog,Yoogali,F,
Zhu,Noha,Zhu,Zhukovsky,M,
Zhuk,Noha,Zhu,Zhukovsky,M,
Zhukovsky,Noha,Zhu,Zhukovsky,M,
Zhu.,Noha,Zhu,Zhukovsky,M,
Zan ,Noha,Zan,Zanzibar,M,Zanzibar(M) or Zankara(F)
Zanzibar ,Noha,Zan,Zanzibar,M,
Zar,Noha,Zara,Zara,F,
Zar ,Noha,Zara,Zara,F,
 Zara ,Noha,Zara,Zara,F,
Zara ,Noha,Zara,Zara,F,
 Zara,Noha,Zara,Zara,F,
Ze,Noha,Zee,Zeerust,M,
Zeer,Noha,Zee,Zeerust,M,
Zee ,Noha,Zee,Zeerust,M,
zi,Noha,Zio,Zion,M,Zink(U) or Zion(M)
Zi,Noha,Zio,Zion,M,Zink(U) or Zion(M)
Zi.,Noha,Zio,Zion,M,Zink(U) or Zion(M)
Zio ,Noha,Zio,Zion,M,
Zion,Noha,Zio,Zion,M,
Danube,Noha,Dan,Danube,M,
Dan ,Kubu,Dan,Danube,M,
 Dan,Kubu,Dan,Danube,M,
Dan ,Noha,Dan,Danube,M,
 Dan,Noha,Dan,Danube,M,
Zu,Noha,Zur,Zurich,M,
Zhen,Noha,Zhe,Zhengzhou,M,
Zhengzhou,Noha,Zhe,Zhengzhou,M,
Zhe ,Noha,Zhe,Zhengzhou,M,
Zur ,Noha,Zur,Zurich,M,
Zu ,Noha,Zur,Zurich,M,
 Zur,Baie Dankie,Zur,Zurich,M,
Zur ,Baie Dankie,Zur,Zurich,M,
Zurich,Baie Dankie,Zur,Zurich,M,zur
Selenge,Kubu,Sel,Selenge,M,
Little Z,Kubu,Little Z,Little Z,M,
Pikito,Kubu,Pik,Pikito,M,
Danube,Kubu,Dan,Danube,M,
Nil,Kubu,Nil,Nil,M,
Uvac,Kubu,Uva,Uvac,M,
Ooo,Kubu,Ooo,Ooo,M,
Medjerda,Kubu,Med,Medjerda,M,
Tanganika,Kubu,Tang,Tanganika,F,
Yenissei,Kubu,Yeni,Yenissei,F,
Amazon,Kubu,Amaz,Amazon,F,
Jucar,Kubu,Zeia,Zeia,F,
Zeia (Jucar),Kubu,Zeia,Zeia,F,
zeia ,Kubu,Zeia,Zeia,F,
 Zeia ,Kubu,Zeia,Zeia,F,
Jucar ,Kubu,Zeia,Zeia,F,
Baby Zeia 2015 ,Kubu,Baby Zeia 2015,Baby Zeia 2015,,
baby Zeia 2015,Kubu,Baby Zeia 2015,Baby Zeia 2015,,
Zeia.,Kubu,Zeia,Zeia,F,
Zeia ,Kubu,Zeia,Zeia,F,
Double spot,Kubu,DoubleSpot,Double spot,M,
Styx,Kubu,Sty,Styx,M,
Pearl (little almond),Kubu,Pear,Pearl (little almond),F,
Pearl (Little almond),Kubu,Pear,Pearl (little almond),F,
Little Almond,Kubu,Pear,Pearl (little almond),F,
Little almond,Kubu,Pear,Pearl (little almond),F,
Pearl,Kubu,Pear,Pearl (little almond),F,
pear,Kubu,Pear,Pearl (little almond),F,
LAlmond,Kubu,Pear,Pearl (little almond),F,
 Pear,Kubu,Pear,Pearl (little almond),F,
Baby Little Almond 2015,Kubu,Baby Pear 2015,Baby Pearl 2015,,
Baby Little almond 2015,Kubu,Baby Pear 2015,Baby Pearl 2015,,
Pear ,Kubu,Pear,Pearl (little almond),F,
Tweed (Fluffy),Kubu,Twe,Tweed (Fluffy),J,
Tweed,Kubu,Twe,Tweed (Fluffy),J,
Double Spot,Kubu,DoubleSpot,Double spot,M,
Tuge,Kubu,Tug,Tugela,J,
Tug ,Kubu,Tug,Tugela,J,
Tugela,Kubu,Tug,Tugela,J,
Zam ,Kubu,Zam,Zambezi,M,
Zambezi,Kubu,Zam,Zambezi,M,
Nessie,Kubu,Ness,Nessie,F,
Amur.,Kubu,Amur,Amur,F,
 Amur ,Kubu,Amur,Amur,F,
Amu,Kubu,Amur,Amur,F,
Amur ,Kubu,Amur,Amur,F,
 Aare,Kubu,Aare,Aare,F,
Aare ,Kubu,Aare,Aare,F,
Yalu  ,Kubu,Yalu,Yalu,F,
Zair ,Kubu,Zair,Zaire,F,
Zaire,Kubu,Zair,Zaire,F,
Moon ,Kubu,Moon,Moonie,F,
Moo,Kubu,Moon,Moonie,F,
Moonie,Kubu,Moon,Moonie,F,
Mis ,Kubu,Mis,Mississipi,M,
Mokc ,Kubu,Mock,Mokcha,F,
Mokcha,Kubu,Mock,Mokcha,F,
Miss,Kubu,Mis,Mississipi,M,
Mississipi,Kubu,Mis,Mississipi,M,
Yan ,Kubu,Yan,Yangtze,M,
Yang,Kubu,Yan,Yangtze,M,
Yangtze,Kubu,Yan,Yangtze,M,
Avon (Appy),Kubu,Avo,Avon (Appy),M,
Avo (Appy),Kubu,Avo,Avon (Appy),M,
Appy,Kubu,Avo,Avon (Appy),M,
Amgoun,Kubu,Amg,Amgoun,M,
Amg ,Kubu,Amg,Amgoun,M,
Baby Amur 2015 ,Kubu,Baby Amur 2015,Baby Amur 2015,,
baby Amur 2015,Kubu,Baby Amur 2015,Baby Amur 2015,,
Baby Amur 2016 ,Kubu,Baby Amur 2016,Baby Amur 2016,,
baby Amur 2016,Kubu,Baby Amur 2016,Baby Amur 2016,,
Baby Amur 2018 ,Kubu,Baby Amur 2018,Baby Amur 2018,,
Aara ,Kubu,Aara,Aaragon,F,
Aar ,Kubu,Aara,Aaragon,F,
Aaragon,Kubu,Aara,Aaragon,F,
Baby Amur 2018 ,Kubu,Baby Amur 2018,Baby Amur 2018,,
Ath ,Kubu,Ath,Athabasca,M,
Athabasca,Kubu,Ath,Athabasca,M,
Baby Aare 2015 ,Kubu,Baby Aare 2015,Baby Aare 2015,,
baby Aare 2015,Kubu,Baby Aare 2015,Baby Aare 2015,,
Avon,Kubu,Avo,Avon (Appy),M,
Avo ,Kubu,Avo,Avon (Appy),M,
Zink ,Kubu,Zink,Zinkwazi,F,
Zinkwazi,Kubu,Zink,Zinkwazi,F,
Zank ,Kubu,Zank,Zankara,F,
Zankara,Kubu,Zank,Zankara,F,
Arn ,Kubu,Arn,Arno,M,
Arno ,Kubu,Arn,Arno,M,
Arno,Kubu,Arn,Arno,M,
Mal ,Kubu,Mal,Malawi,M,
Malawi,Kubu,Mal,Malawi,M,
Zinkwazi,Kubu,Zin,Zinkwazi,M,
New male  ,Baie Dankie,New male,New Male,M,
New male ,Kubu,New male,New male,M,
Thames,Kubu,Tha,Tha,M,
Liffey,Kubu,Lif,Liffey,M,
Colorado,Kubu,Col,Colorado,M,
Atitlan,Kubu,Ati,Atitlan,M,
Baby Ness 2015,Kubu,Baby Ness 2015,Baby Ness 2015,F,
Aara,Kubu,Aare,Aare,F,
 Aare ,Kubu,Aare,Aare,F,
Aar,Kubu,Aare,Aare,F,
aare,Kubu,Aare,Aare,F,
Baby Aare 2015,Kubu,Baby Aare 2015,Baby Aare 2015,M,
Baby Pearl 2015,Kubu,Baby Pear 2015,Baby Pear 2015,unk,
Baby Rox 2011 ,Lemon Tree,Baby Rox 2011,Baby Rox 2011,unk,
Baby Cami 2011 ,Lemon Tree,Baby Cami 2011,Baby Cami 2011,unk,
Baby Dian 2012,Lemon Tree,Deli,Baby Dian 2012,F,
Baby Cami 2012,Lemon Tree,Col,Baby Cami 2011,unk,
Baby Vict 2012,Lemon Tree,Vale,Valerie,F,
Baby Vict 2013,Lemon Tree,Van,Vance,F,
Baby Vict 2011,Lemon Tree,Vin,Vance,F,
Baby Dian 2011,Lemon Tree,Digb,Digby,F,
Baby Dian 2012,Lemon Tree,Deli,Delilah (Rainbow),F,
Byr ,Lemon Tree,Byr,Byron (Mini-Elton/SMC),M,
Andrew,Lemon Tree,And,Andrew,M,
 And,Lemon Tree,And,Andrew,M,
And ,Lemon Tree,And,Andrew,M,
Jac ,Lemon Tree,Jac,Little Jackie (Jackie),M,
 Jac,Lemon Tree,Jac,Little Jackie (Jackie),M,
 JD,Lemon Tree,Jac,Little Jackie (Jackie),M,
JD,Lemon Tree,Jac,Little Jackie (Jackie),M,
JD ,Lemon Tree,Jac,Little Jackie (Jackie),M,
 Little Jackie,Lemon Tree,Jac,Little Jackie (Jackie),M,
Little Jackie,Lemon Tree,Jac,Little Jackie (Jackie),M,
 Cha,Lemon Tree,Cha,Charles (Little Charles/JB),M,
JB,Lemon Tree,Cha,Charles (Little Charles/JB),M,
JB ,Lemon Tree,Cha,Charles (Little Charles/JB),M,
Cha ,Lemon Tree,Cha,Charles (Little Charles/JB),M,
Little Charles,Lemon Tree,Cha,Charles (Little Charles/JB),M,
Ham ,Lemon Tree,Ham,Hamlet,M,
 Qui,Lemon Tree,Qui,Quito,M,
Qui ,Lemon Tree,Qui,Quito,M,
 New,Lemon Tree,New,Newton,M,
New ,Lemon Tree,New,Newton,M,
Gel ,Lemon Tree,Gel,Gelosi,M,
Shakespeare,Lemon Tree,Sha,Shakespeare,M,
Sha ,Lemon Tree,Sha,Shakespeare,M,
Edward,Lemon Tree,Edw,Edward,M,
Edw ,Lemon Tree,Edw,Edward,M,
Sha ,Lemon Tree,Sha,Shakespeare,M,
Gelosi,Lemon Tree,Gel,Gelosi,M,
 Gel,Lemon Tree,Gel,Gelosi,M,
Gel ,Lemon Tree,Gel,Gelosi,M,
Voldemort,Lemon Tree,Vol,Voldemort,M,
Vol ,Lemon Tree,Vol,Voldemort,M,
 Mfo,Lemon Tree,Mfo,Mfolozi,M,
Mfo ,Lemon Tree,Mfo,Mfolozi,M,
Dow ,Lemon Tree,Dow,Donwnlip,M,
Dian ,Lemon Tree,Dian,Diana,F,
Ind ,Lemon Tree,Indi,India,F,
Liz,Lemon Tree,Lizz,Lizz,F,
Liz ,Lemon Tree,Lizz,Lizz,F,
Lizz ,Lemon Tree,Lizz,Lizz,F,
Roxanne,Lemon Tree,Roxa,Roxanne,F,
Roxa ,Lemon Tree,Roxa,Roxanne,F,
Rox,Lemon Tree,Roxa,Roxanne,F,
Diana ,Lemon Tree,Diana,Diana,F,
Ind,Lemon Tree,Indi,India,,
 India,Lemon Tree,Indi,India,F,
Indi ,Lemon Tree,Indi,India,F,
India ,Lemon Tree,Indi,India,F,
India  ,Lemon Tree,Indi,India,F,
Diana  ,Lemon Tree,Diana,Diana,F,
Nala  ,Lemon Tree,Nala,Nala,F,
 Nala ,Lemon Tree,Nala,Nala,F,
Nala ,Lemon Tree,Nala,Nala,F,
 Vict,Lemon Tree,Vict,Victoria,F,
Camilla,Lemon Tree,Cami,Camilla,F,
Camilla ,Lemon Tree,Cami,Camilla,F,
Cami  ,Lemon Tree,Cami,Camilla,F,
Cami ,Lemon Tree,Cami,Camilla,F,
 Cami,Lemon Tree,Cami,Camilla,F,
Jenn ,Lemon Tree,Jenn,"Jenny (Margrit, Oid Camilla)",F,
Old Camilla,Lemon Tree,Jenn,"Jenny (Margrit, Oid Camilla)",F,
Suzy ,Lemon Tree,Suzy,Suzy,F,
Suz,Lemon Tree,Suzy,Suzy,F,
Kaya  ,Lemon Tree,Kaya,Kaya,F,
kaya ,Lemon Tree,Kaya,Kaya,F,
kaya,Lemon Tree,Kaya,Kaya,F,
Kaya ,Lemon Tree,Kaya,Kaya,F,
Emma ,Lemon Tree,Emma,Emma,F,
Oliver,Lemon Tree,Oli,Oliver,M,
 Oli,Lemon Tree,Oli,Oliver,M,
Oli ,Lemon Tree,Oli,Oliver,M,
Smas,Lemon Tree,Mou,"Mousse (JG, Mercury)",M,
Smashy,Lemon Tree,Mou,"Mousse (JG, Mercury)",M,
Mercury,,,,,
Mer,,,,,
 Mer,,,,,
mer,,,,,
mou,,,,,
JG,Lemon Tree,Mou,"Mousse (JG, Mercury)",M,
JG ,Lemon Tree,Mou,"Mousse (JG, Mercury)",M,
Mous,Lemon Tree,Mou,"Mousse (JG, Mercury)",M,
 Mou,Lemon Tree,Mou,"Mousse (JG, Mercury)",M,
mou ,Lemon Tree,Mou,"Mousse (JG, Mercury)",M,
Mou ,Lemon Tree,Mou,"Mousse (JG, Mercury)",M,
Merlin,Lemon Tree,Mer,"Merlin (Little merlin, JF)",M,
 Mer,Lemon Tree,Mer,"Merlin (Little merlin, JF)",M,
Little Merlin ,Lemon Tree,Mer,"Merlin (Little merlin, JF)",M,
Little Merlin,Lemon Tree,Mer,"Merlin (Little merlin, JF)",M,
Mer ,Lemon Tree,Mer,"Merlin (Little merlin, JF)",M,
Bush ,Lemon Tree,Bush,Bushy,F,
 Bush,Lemon Tree,Bush,Bushy,F,
Bus,Lemon Tree,Bush,Bushy,F,
F10 ,Lemon Tree,F10,"F10 (Tere, Lefty)",F,
Little Jackie ,Lemon Tree,Jac,Little Jackie (Jackie),M,
Ljack,Lemon Tree,LJack,"Little Jackie (Jackie, JD)",M,
Ljack ,Lemon Tree,LJack,"Little Jackie (Jackie, JD)",M,
Darwin,Lemon Tree,Dar,Darwin (Zazoo),M,
 Dar,Lemon Tree,Dar,Darwin (Zazoo),M,
 Zaz,Lemon Tree,Dar,Darwin (Zazoo),M,
Zaz,Lemon Tree,Dar,Darwin (Zazoo),M,
Zaz ,Lemon Tree,Dar,Darwin (Zazoo),M,
Dar ,Lemon Tree,Dar,Darwin (Zazoo),M,
Laurel,Lemon Tree,Laur,Laurel,F,
Laur  ,Lemon Tree,Laur,Laurel,F,
Laur ,Lemon Tree,Laur,Laurel,F,
Roslin,Noha,Rosl,Roslin,F,
Ros ,Noha,Rosl,Roslin,F,
Ros,Noha,Rosl,Roslin,F,
Dari,Lemon Tree,Rose,Rose Mary (Daria),F,
Daria,Lemon Tree,Rose,Rose Mary (Daria),F,
Rose Mary,Lemon Tree,Rose,Rose Mary (Daria),F,
 Dari,Lemon Tree,Rose,Rose Mary (Daria),F,
 Rose,Lemon Tree,Rose,Rose Mary (Daria),F,
Rose ,Lemon Tree,Rose,Rose Mary (Daria),F,
vin,Lemon Tree,Vin,Vincent,M,
vin ,Lemon Tree,Vin,Vincent,M,
Vin ,Lemon Tree,Vin,Vincent,M,
 Vin,Lemon Tree,Vin,Vincent (Darkface),M,
Shit,Lemon Tree,Shi,Shitface,M,
 Shi ,Lemon Tree,Shi,Shitface,M,
Shitface,Lemon Tree,Shi,Shitface,M,
Shi ,Lemon Tree,Shi,Shitface,M,
Digby,Lemon Tree,Digb,Digby (Rhiannon),F,
 Digb,Lemon Tree,Digb,Digby (Rhiannon),F,
Rhia,Lemon Tree,Digb,Digby (Rhiannon),F,
 Rhia,Lemon Tree,Digb,Digby (Rhiannon),F,
Rhia ,Lemon Tree,Digb,Digby (Rhiannon),F,
Rhiannon,Lemon Tree,Digb,Digby (Rhiannon),F,
Digb ,Lemon Tree,Digb,Digby (Rhiannon),F,
Noah,Lemon Tree,Noa,Noah,M,
 Noa,Lemon Tree,Noa,Noah,M,
Noa ,Lemon Tree,Noa,Noah,M,
Lenn,Lemon Tree,Len,Lennon,M,
Len ,Lemon Tree,Len,Lennon,M,
Deli ,Lemon Tree,Deli,Delilah (Rainbow),F,
 Rain,Lemon Tree,Deli,Delilah (Rainbow),F,
Rain ,Lemon Tree,Deli,Delilah (Rainbow),F,
 Deli,Lemon Tree,Deli,Delilah (Rainbow),F,
deli,Lemon Tree,Deli,Delilah (Rainbow),F,
Rainbow,Lemon Tree,Deli,Delilah (Rainbow),F,
 Ruby,Lemon Tree,Ruby,Ruby,F,
ruby ,Lemon Tree,Ruby,Ruby,F,
Ruby ,Lemon Tree,Ruby,Ruby,F,
Col ,Lemon Tree,Col,Collin (Imposter),M,
Valerie,Lemon Tree,Vale,Valerie (Squishy),F,
Valerie ,Lemon Tree,Vale,Valerie (Squishy),F,
 Val,Lemon Tree,Vale,Valerie (Squishy),F,
Squishy,Lemon Tree,Vale,Valerie (Squishy),F,
Squi,Lemon Tree,Vale,Valerie (Squishy),F,
Squi ,Lemon Tree,Vale,Valerie (Squishy),F,
 Squi,Lemon Tree,Vale,Valerie (Squishy),F,
vale,Lemon Tree,Vale,Valerie (Squishy),F,
Vale ,Lemon Tree,Vale,Valerie (Squishy),F,
 Col,Lemon Tree,Col,Collin (Imposter),M,
Collin,Lemon Tree,Col,Collin (Imposter),M,
Col.,Lemon Tree,Col,Collin (Imposter),M,
Imposter,Lemon Tree,Col,Collin (Imposter),M,
Lennon Imposter,Lemon Tree,Col,Collin (Imposter),M,
 Imp,Lemon Tree,Col,Collin (Imposter),M,
Imp ,Lemon Tree,Col,Collin (Imposter),M,
Halfy,Lemon Tree,Hal,Halfy,M,
 Hal,Lemon Tree,Hal,Halfy,M,
hal,Lemon Tree,Hal,Halfy,M,
Hal.,Lemon Tree,Hal,Halfy,M,
Hal ,Lemon Tree,Hal,Halfy,M,
 Emma,Lemon Tree,Emma,Emma,F,
Emma.,Lemon Tree,Emma,Emma,F,
Emm,Lemon Tree,Emma,Emma,F,
Baby Emma 2012 ,Lemon Tree,Baby Emma 2012,Baby Emma 2012,M,
Daisy,Lemon Tree,Dais,Daisy,F,
Dais ,Lemon Tree,Dais,Daisy,F,
Iggy ,Lemon Tree,Iggy,Iggy,F,
 Iggy,Lemon Tree,Iggy,Iggy,F,
Igg,Lemon Tree,Iggy,Iggy,F,
Igg ,Lemon Tree,Iggy,Iggy,F,
Iggl,Lemon Tree,Iggy,Iggy,F,
Lia ,Lemon Tree,Lia,Liam (same ind as Joe),M,
 Van,Lemon Tree,Van,Vance,M,
Vanc,Lemon Tree,Van,Vance,M,
Van ,Lemon Tree,Van,Vance,M,
Liam,Lemon Tree,Lia,Liam (same ind as Joe),M,
 Lia,Lemon Tree,Lia,Liam (same ind as Joe),M,
 Joe,Lemon Tree,Joe,Joe (same ind as Liam),M,
Joe ,Lemon Tree,Joe,Joe (same ind as Liam),M,
Kenn,Lemon Tree,Ken,Kenneth (same as Joe before?,M,
 Ken,Lemon Tree,Ken,Kenneth (same as Joe before?,M,
Ken ,Lemon Tree,Ken,Kenneth (same as Joe before?,M,
Gro ,Lemon Tree,Gro,Grote (JI),M,
JI,Lemon Tree,Gro,Grote (JI),M,
Ada ,Lemon Tree,Ada,Adam (uplip),M,
 Daen,Lemon Tree,Daen,Daenerys,F,
Dae,Lemon Tree,Daen,Daenerys,F,
Daen ,Lemon Tree,Daen,Daenerys,F,
Suz ,Lemon Tree,Suzy,Suzy,F,
Baby Suzy 2014 ,Lemon Tree,Baby Suzy 2014,Baby Suzy 2014,unk,
Rupp,Lemon Tree,Rup,Rupert,M,
 Rup,Lemon Tree,Rup,Rupert,M,
Rup ,Lemon Tree,Rup,Rupert,M,
Jenn ,Lemon Tree,Jenn,"Jenny (Margrit, Oid Camilla)",F,
Jenn  ,Lemon Tree,Jenn,"Jenny (Margrit, Oid Camilla)",F,
 Jenn,Lemon Tree,Jenn,"Jenny (Margrit, Oid Camilla)",F,
Jenny,Lemon Tree,Jenn,"Jenny (Margrit, Oid Camilla)",F,
Jenny ,Lemon Tree,Jenn,"Jenny (Margrit, Oid Camilla)",F,
Old Camilla  ,Lemon Tree,Jenn,"Jenny (Margrit, Oid Camilla)",F,
Old Camilla  ,Lemon Tree,Jenn,"Jenny (Margrit, Oid Camilla)",F,
Margrit,Lemon Tree,Jenn,"Jenny (Margrit, Oid Camilla)",F,
Marg,Lemon Tree,Jenn,"Jenny (Margrit, Oid Camilla)",F,
Baby Jenny 2014 ,Lemon Tree,Baby Jenny 2014,Baby Jenny 2014,unk,
Kyl ,Lemon Tree,Kyl,Kyle,M,
Tere,Lemon Tree,F10,"F10 (Tere, Lefty)",F,
 Tere,Lemon Tree,F10,"F10 (Tere, Lefty)",F,
Lefty ,Lemon Tree,F10,"F10 (Tere, Lefty)",F,
 Left,Lemon Tree,F10,"F10 (Tere, Lefty)",F,
Left ,Lemon Tree,F10,"F10 (Tere, Lefty)",F,
Left,Lemon Tree,F10,"F10 (Tere, Lefty)",F,
Lefty ,Lemon Tree,F10,"F10 (Tere, Lefty)",F,
Tere ,Lemon Tree,F10,"F10 (Tere, Lefty)",F,
Baby F10 2014 ,Lemon Tree,Baby F10 2014,Baby F10 2014,unk,
Victoria ,Lemon Tree,Vict,Victoria,F,
Vict ,Lemon Tree,Vict,Victoria,F,
Victoria,Lemon Tree,Vict,Victoria,F,
Baby Victoria 2014 ,Lemon Tree,Baby Victoria 2014,Baby Victoria 2014,M,
Baby Nala 2014 ,Lemon Tree,Baby Nala 2014,Baby Nala 2014,M,
Baby Bushy 2014 ,Lemon Tree,Baby Bushy 2014,Baby Bushy 2014,unk,
Lanc ,Lemon Tree,Lanc,Lancey,F,
Bin ,Lemon Tree,Bin,Bingo,M,
Don ,Lemon Tree,Don,Donsig,M,
Mna ,Lemon Tree,Mna,Mnandi,M,
Wes ,Lemon Tree,Wes,Wesley,M,
Neg ,Lemon Tree,Neg,Negroni,M,
Dio ,Lemon Tree,Dio,Dion,M,
Lill ,Lemon Tree,Lill,Lilly,F,
Law ,Lemon Tree,Law,Lawrence,M,
Kate ,Lemon Tree,Kate,Kate,F,
Jane ,Lemon Tree,Jane,Jane,F,
Ric ,Lemon Tree,Ric,Richard,M,
Elt ,Ankhase,Elt,Elton,M,
Wol ,Ankhase,Wol,Wolfie,M,
Elt  ,Ankhase,Elt,Elton,M,
Qui ,Ankhase,Qui,Quito,M,
Yst ,Ankhase,Yst,Yster,M,
Ham ,Ankhase,Ham,Hamlet,M,
Fud ,Ankhase,Fud,Fudu,M,
Gaga.,Ankhase,Gaga,Gagasa,F,
Gag,Ankhase,Gaga,Gagasa,F,
Gaga ,Ankhase,Gaga,Gagasa,F,
Gha,Ankhase,Ghan,Ghangaan,F,
baby Ghan 2015 ,Ankhase,Baby Ghan 2015,Baby Ghan 2015,unk,
Baby Ghan 2015 ,Ankhase,Baby Ghan 2015,Baby Ghan 2015,unk,
 Ghan,Ankhase,Ghan,Ghangaan,F,
Ghan ,Ankhase,Ghan,Ghangaan,F,
Gov ,Ankhase,Gov,Govu,M,
Govu,Ankhase,Gov,Govu,M,
Govu ,Ankhase,Gov,Govu,M,
Govu.,Ankhase,Gov,Govu,M,
Giya,Ankhase,Giy,Giya,M,
Giya ,Ankhase,Giy,Giya,M,
Baby Gaga 2013 ,Ankhase,Baby Gaga 2013,Baby Gaga 2013,unk,
Baby Gaga 2015 ,Ankhase,Baby Gaga 2015,Baby Gaga 2015,unk,
Baby Hamb 2013 ,Ankhase,Baby Hamb,Baby Hamb,unk,
Baby hamb 2013,Ankhase,Baby Hamb,Baby Hamb,unk,
baby Hamb 2013,Ankhase,Baby Hamb,Baby Hamb,unk,
Hamba,Ankhase,Hamb,Hamba,F,
 Hamb,Ankhase,Hamb,Hamba,F,
Hamb ,Ankhase,Hamb,Hamba,F,
 Hlek,Ankhase,Hlek,Hleka,F,
Hleka,Ankhase,Hlek,Hleka,F,
Hlek ,Ankhase,Hlek,Hleka,F,
Nkos ,Ankhase,Nkos,Nkosikasi,F,
Isi,Ankhase,Isil,Isilonda,F,
 Isil,Ankhase,Isil,Isilonda,F,
Baby Isil 2015 ,Ankhase,Baby Isil 2015,Baby Isil 2015,unk,
Isil ,Ankhase,Isil,Isilonda,F,
isil,Ankhase,Isil,Isilonda,F,
Isil ,Ankhase,Isil,Isilonda,F,
Inhlanhla,Ankhase,Inhl,Inhlanhla,F,
 Inhl,Ankhase,Inhl,Inhlanhla,F,
Inh,Ankhase,Inhl,Inhlanhla,F,
Inhl ,Ankhase,Inhl,Inhlanhla,F,
Mamoo,Ankhase,Mamo,Mamoobi,F,
Moya ,Ankhase,Moya,Moya,F,
Moy,Ankhase,Moya,Moya,F,
Baby Mamo 2015 ,Ankhase,Baby Mamo 2015,Baby Mamo 2015,unk,
baby Mamo 2015,Ankhase,Baby Mamo 2015,Baby Mamo 2015,unk,
Mamo.,Ankhase,Mamo,Mamoobi,F,
Mamo ,Ankhase,Mamo,Mamoobi,F,
Mfol,Ankhase,Mfo,Mfolozi,M,
Mfo ,Ankhase,Mfo,Mfolozi,M,
Mpuk,Ankhase,Mpu,Mpukuvane,M,
Mpu ,Ankhase,Mpu,Mpukuvane,M,
Mnan,Ankhase,Mna,Mnandi,M,
Mna ,Ankhase,Mna,Mnandi,M,
 Gugu ,Ankhase,Gugu,Gugu,F,
Baby Gugu 2019 ,Ankhase,Baby Gugu 2019,Baby Gugu 2019,unknown,
Baby Gugu 2017 ,Ankhase,Baby Gugu 2017,Baby Gugu 2017,unknown,
 gugu ,Ankhase,Gugu,Gugu,F,
Ndo,Ankhase,Ndon,Ndonsa,F,
 Ndon,Ankhase,Ndon,Ndonsa,F,
Ndon ,Ankhase,Ndon,Ndonsa,F,
Ifu ,Ankhase,Ifu,Ifu,M,
Modj ,Ankhase,Modj,Modjadji,F,
Mod,Ankhase,Modj,Modjadji,F,
Mvu.,Ankhase,Mvu,Mvula,M,
Mvul,Ankhase,Mvu,Mvula,M,
Mvu ,Ankhase,Mvu,Mvula,M,
Hib ,Ankhase,Hib,Hibe,M,
Ubu ,Ankhase,Ubu,Ububhibhi,M,
Hwa ,Ankhase,Hwa,Hwahwaza,M,
Idw,Ankhase,Idwa,Idwala,F,
 Idwa,Ankhase,Idwa,Idwala,F,
baby Idwa 2015,Ankhase,Baby Idwa 2015,Baby Idwa 2015,unknown,
Baby Idwa 2015 ,Ankhase,Baby Idwa 2015,Baby Idwa 2015,unknown,
Idw,Ankhase,Idwa,Idwala,F,
Idwa ,Ankhase,Idwa,Idwala,F,
Gel,Ankhase,Gele,Geleza,F,
Gele.,Ankhase,Gele,Geleza,F,
Gel ,Ankhase,Gele,Geleza,F,
Gelosi,Ankhase,Gel,Gelosi,M,
Gelosi,Ankhase,Gel,Gelosi,M,
Godu ,Ankhase,Godu,Goduka,F,
Goduk,Ankhase,Godu,Goduka,F,
 Gele,Ankhase,Gele,Geleza,F,
Gele ,Ankhase,Gele,Geleza,F,
Ghoz,Ankhase,Gho,Ghozololo,M,
Gho ,Ankhase,Gho,Ghozololo,M,
Unw ,Ankhase,Unw,Unwabo,M,
Hol ,Ankhase,Hol,Hola,M,
hol ,Ankhase,Hol,Hola,M,
Hey ,Ankhase,Hey,Heyi,M,
Hlo ,Ankhase,Hlo,Hlokoloza,M,
Hlok,Ankhase,Hlo,Hlokoloza,M,
Hlebe,Ankhase,Hlo,Hlokoloza,M,
Nyon,Ankhase,Nyo,Nyoni,M,
Nyo ,Ankhase,Nyo,Nyoni,M,
Izul,Ankhase,Izu,Izulu,M,
Izu ,Ankhase,Izu,Izulu,M,
Mba ,Ankhase,Mba,Mbazwane,M,
Iji ,Ankhase,Iji,Ijinja,M,
Mun ,Ankhase,Mun,Mungunya,M,
Mung,Ankhase,Mun,Mungunya,M,
Ilon ,Ankhase,Ilon,Ilonga,F,
Ink,Ankhase,Inkw,Inkwazi,F,
Inkw ,Ankhase,Inkw,Inkwazi,F,
Mbil ,Ankhase,Mbil,Mbila,F,
Mbila,Ankhase,Mbil,Mbila,F,
Mbaz,Ankhase,Mba,Mbazwane,M,
Mba ,Ankhase,Mba,Mbazwane,M,
Kies,Ankhase,Kie,Kies,M,
Kie ,Ankhase,Kie,Kies,M,
Vol ,Ankhase,Vol,Voldemort,M,
Umz ,Ankhase,Umz,Umzali,M,
Ginq.,Ankhase,Ginq,Ginqinka,F,
Ginq ,Ankhase,Ginq,Ginqinka,F,
Ghida,Ankhase,Ghid,Ghida,F,
Ghid ,Ankhase,Ghid,Ghida,F,
Gubha,Ankhase,Gubh,Gubha,F,
Gub ,Ankhase,Gubh,Gubane,M,
Gubh ,Ankhase,Gubh,Gubha,F,
baby Nyan 2018 ,Ankhase,Baby Nyan 2018,Baby Nyan 2018,unknown,
Baby Nyan 2018 ,Ankhase,Baby Nyan 2018,Baby Nyan 2018,unknown,
Nya,Ankhase,Nyan,Nyanga,F,
Nyan ,Ankhase,Nyan,Nyanga,F,
Ndi ,Ankhase,Ndi,Ndiza,M,
Mati,Ankhase,Mat,Matimula,M,
Mat ,Ankhase,Mat,Matimula,M,
Hluh,Ankhase,Hlu,Hluhluwe,M,
Hlu.,Ankhase,Hlu,Hluhluwe,M,
Hlu ,Ankhase,Hlu,Hluhluwe,M,
Hum.,Ankhase,Hum,Humusha,M,
Hum ,Ankhase,Hum,Humusha,M,
Ihla,Ankhase,Ihl,Ihlane,M,
Ihl ,Ankhase,Ihl,Ihlane,M,
Inta,Ankhase,Int,Intaba,M,
Int ,Ankhase,Int,Intaba,M,
Dan ,Ankhase,Dan,Danube,M,
Afri ,Ankhase,Afri,Afrikaans,M,
Kie ,Ankhase,Kie,Kies,F,
Dwe ,Ankhase,Dwe,Dwergie,M,
Ati ,Ankhase,Ati,Atitlan,M,
Nto ,Ankhase,Nto,Ntokozo,M,
Ndik ,Ankhase,Ndi,Ndiki,F,
Ndan,Ankhase,Nda,Ndanda,M,
Ndaw ,Ankhase,Ndaw,Ndawonya,F,
Can ,Ankhase,Can,Cancun,M,
Ngub,Ankhase,Ngu,Ngubu,M,
Ngu ,Ankhase,Ngu,Ngubu,M,
Ngen,Ankhase,Nge,Ngenakubo,M,
Nge ,Ankhase,Nge,Ngenakubo,M,
Guny.,Ankhase,Guny,Gunya,F,
Guny ,Ankhase,Guny,Gunya,F,
Mbulali,Ankhase,Mbu,Mbulali,unknown,
Mbul,Ankhase,Mbu,Mbulali,unknown,
Mbu ,Ankhase,Mbu,Mbulali,unknown,
Goli ,Ankhase,Goli,Goli,unknown,
Baby Gugu 2015 ,Ankhase,Baby Gugu 2015,Baby Gugu 2015,unknown,
 Nkos,Ankhase,Nkos,Nkosikasi,F,
Nkosikasi,Ankhase,Nkos,Nkosikasi,F,
Nko,Ankhase,Nkos,Nkosikasi,F,
Nakh,Ankhase,Nak,Nakhu,M,
Nak ,Ankhase,Nak,Nakhu,M,
Nco ,Ankhase,Nco,Ncoko,M,
Ncok,Ankhase,Nco,Ncoko,M,
baby Nkos 2015,Ankhase,Baby Nkos 2015,Baby Nkos 2015,M,
Baby Nkos 2015 ,Ankhase,Baby Nkos 2015,Baby Nkos 2015,M,
 Hele,Ankhase,Hele,Heleza,F,
Hel,Ankhase,Hele,Heleza,F,
Hele ,Ankhase,Hele,Heleza,F,
Ndiz ,Ankhase,Ndi,Ndiza,F,
Ndi ,Ankhase,Ndi,Ndiza,F,
 Dais,Lemon Tree,Dais,Daisy,F,
dais,Lemon Tree,Dais,Daisy,F,
DownLip ,Lemon Tree,DownLip,DownLip,M,
Dow,Lemon Tree,DownLip,DownLip,M,
Guz ,Ankhase,Guz,Guzunga,M,
 Guz,Ankhase,Guz,Guzunga,M,
Guzu,Ankhase,Guz,Guzunga,M,
New Male ,Kubu,New male,New male,M,
Mass,Kubu,Mas,Mass,M,
Maho ,Kubu,Mhao,Mhaori,F,
Mahori,Kubu,Mhao,Mhaori,F,
Mas ,Kubu,Mas,Mass,M,
New Male,Kubu,New male,New male,M,
The ,Kubu,The,The,M,
New male ,Kubu,New male,New male,M,
Jack,Lemon Tree,Jac,Jack,M,
Ken,Lemon Tree,Joe,Joe (same ind as Liam and Kenneth),M,
Lia,Lemon Tree,Joe,Joe (same ind as Liam and Kenneth),M,
Puy-merl ,Noha,Puym,Puy-merl,F,
Puym ,Noha,Puym,Puy-merl,F,
 Puy-Merl,Noha,Puym,Puy-merl,F,
 Puy-merl,Noha,Puym,Puy-merl,F,
 Puym,Noha,Puym,Puy-merl,F,
Tang ,Kubu,Tang,Tanganika,F,
Tan,Kubu,Tang,Tanganika,F,
 Tang,Kubu,Tang,Tanganika,F,
Yeni ,Kubu,Yeni,Yenissei,F,
Yell ,Kubu,Yell,Yellowstone,F,
Baby Yeni 2018,Kubu,Yell,Yellowstone,F,
Yuko ,Kubu,Yuko,Yukon,F,
Baby Yeni 2016,Kubu,Yuko,Yukon,F,
Yze ,Kubu,Yze,Yzeron,F,
Baby Yeni 2017,Kubu,Yze,Yzeron,F,
 Yeni ,Kubu,Yeni,Yenissei,F,
 Yeni ,Kubu,Yeni,Yenissei,F,
Mara ,Kubu,Mara,Mara,F,
 Mara,Kubu,Mara,Mara,F,
Baby Mara 2019 ,Kubu,Baby Mara 2019,Baby Mara 2019,,
baby Mara 2019,Kubu,Baby Mara 2019,Baby Mara 2019,,
Mar,Kubu,Mara,Mara,F,
Mara.,Kubu,Mara,Mara,F,
Amaz ,Kubu,Amaz,Amazon,F,
Ama,Kubu,Amaz,Amazon,F,
Amaz.,Kubu,Amaz,Amazon,F,
 Amaz,Kubu,Amaz,Amazon,F,
Ness ,Kubu,Ness,Nessie,F,
Ness.,Kubu,Ness,Nessie,F,
Little Nessi,Kubu,Ness,Nessie,F,
Little Nessie,Kubu,Ness,Nessie,F,
Baby Ness 2015 ,Kubu,Baby Ness 2015,Baby Ness 2015,,
Baby Ness 2019  ,Kubu,Baby Ness 2019,Baby Ness 2019,,
Nah ,Kubu,Nah,Nahoon,M,
Nahoon,Kubu,Nah,Nahoon,M,
Nugget,Kubu,Nug,Nugget,M,
Nugg,Kubu,Nug,Nugget,M,
Nug ,Kubu,Nug,Nugget,M,
Ness (Little Nessi),Kubu,Ness,Nessie,F,
 Ness,Kubu,Ness,Nessie,F,
 Yalu,Kubu,Yalu,Yalu,F,
Yal,Kubu,Yalu,Yalu,F,
Yamu ,Kubu,Yamu,Yamuna,F,
Yamu ,Kubu,Yamu,Yamuna,F,
Yamuna,Kubu,Yamu,Yamuna,F,
Yara ,Kubu,Yara,Yara,F,
Baby Yalu 2016,Kubu,Yamu,Yamuna,F,
Yaz ,Kubu,Yaz,Yazoo,M,
Yazoo,Kubu,Yaz,Yazoo,M,
Yazo,Kubu,Yaz,Yazoo,M,
Baby Yalu 2018,Kubu,Yaz,Yazoo,M,
Baby Yalu 2017,Kubu,Yara,Yara,M,
Yalu ,Kubu,Yalu,Yalu,F,
Yalu.,Kubu,Yalu,Yalu,F,
