"AnimalID","From","To","Group","Source","NatalGroup","GroupNB"
"2ndmj",2010-11-08,2010-11-08,"RC","Immigrants1_NoImmiDate_NonNatal","No",1
"Aaalva",2019-11-01,2022-11-17,"KB","Natal_DOB_NonMigrant_Alive","Yes",1
"Aalwyn",2018-11-27,2022-11-17,"BD","Natal_DOB_NonMigrant_Alive","Yes",1
"Aantreklik",2017-10-17,2022-11-17,"BD","Natal_DOB_NonMigrant_Alive","Yes",1
"Aapie",2013-11-11,2022-11-17,"BD","Natal_DOB_NonMigrant_Alive","Yes",1
"Aaragon",2016-11-16,2022-11-17,"KB","Natal_DOB_NonMigrant_Alive","Yes",1
"Aare",2013-02-08,2022-11-17,"KB","Natal_NoDOB_NonMigrant_Alive","Yes",1
"Aarhus",2017-10-09,2022-11-17,"KB","Natal_DOB_NonMigrant_Alive","Yes",1
"Adam",2014-08-14,2016-11-14,"LT","Immigrants1_ImmiDate","No",1
"Adder",2015-11-23,2021-10-04,"BD","Natal_DOB_Disappeared","Yes",1
"Adonis",2010-11-09,2011-02-08,"BD","Immigrants1_ImmiDate","No",1
"Afrikaans",2010-10-19,2015-06-25,"BD","Natal_DOB_Emi","Yes",1
"Afrikaans",2015-06-29,2016-02-16,"AK","Immigrants1_ImmiDate","No",2
"Ahekinkinga",2010-12-18,2012-02-24,"AK","Immigrants1_ImmiDate","No",1
"Akkedis",2011-11-07,2016-05-28,"BD","Natal_DOB_Emi","Yes",1
"Akkedis",2016-06-10,2018-07-20,"CR","Immigrants1_ImmiDate","No",2
"Alcatraz",2016-01-14,2018-07-20,"CR","Natal_NoDOB_Disappeared","Yes",1
"Alsiende",2012-10-23,2015-12-21,"BD","Natal_DOB_Disappeared","Yes",1
"Amazon",2012-03-13,2015-05-25,"KB","Natal_NoDOB_Disappeared","Yes",1
"Amgoun",2017-10-09,2019-02-27,"KB","Natal_DOB_Disappeared","Yes",1
"Amstel",2021-10-12,2022-11-17,"KB","Natal_DOB_NonMigrant_Alive","Yes",1
"Amur",2012-05-09,2018-12-08,"KB","Natal_NoDOB_Disappeared","Yes",1
"Amywinehouse",2011-09-29,2011-11-25,"RC","Natal_NoDOB_Disappeared","Yes",1
"Andrew",2013-02-09,2014-04-12,"LT","Natal_NoDOB_Disappeared","Yes",1
"Antarctica",2014-12-31,2017-02-12,"CR","Natal_NoDOB_Splinter","Yes",1
"Apa",2021-06-04,2022-07-25,"LT","Immigrants1_ImmiDate","No",1
"Apa",2022-07-27,2022-09-14,"BD","Immigrants2_ImmiDate_ToAdd","No",2
"Apa",2022-09-22,2022-11-17,"LT","Immigrants3_ImmiDate","No",3
"Appel",2020-11-04,2022-11-17,"BD","Natal_DOB_NonMigrant_Alive","Yes",1
"Ardig",2018-11-15,2020-10-01,"BD","Natal_DOB_Disappeared","Yes",1
"Arno",2014-10-17,2019-05-13,"KB","Natal_DOB_Disappeared","Yes",1
"Arthur",2011-11-03,2012-02-14,"LT","Immigrants1_ImmiDate","No",1
"Arthur",2012-04-19,2012-04-30,"AK","Immigrants2_ImmiDate_ToAdd","No",2
"Arthur",2012-07-25,2014-05-20,"BD","Immigrants3_ImmiDate","No",3
"Asis",2011-02-19,2022-11-17,"BD","Natal_NoDOB_NonMigrant_Alive","Yes",1
"Askies",2021-10-27,2022-11-17,"BD","Natal_DOB_NonMigrant_Alive","Yes",1
"Asseblief",2014-11-05,2019-05-30,"BD","Natal_DOB_Emi","Yes",1
"Asseblief",2019-05-30,2022-11-17,"CR","Immigrants1_NoImmiDate_Natal","No",2
"Athabasca",2018-10-26,2022-11-17,"KB","Natal_DOB_NonMigrant_Alive","Yes",1
"Athena",2022-06-28,2022-11-17,"IF","Natal_NoDOB_NonMigrant_Alive","Yes",1
"Atitlan",2015-04-28,2016-01-25,"KB","Immigrants1_ImmiDate","No",1
"Atitlan",2016-03-03,2020-02-25,"AK","Immigrants2_ImmiDate_ToAdd","No",2
"Auckland",2012-02-27,2014-09-25,"NH","Immigrants1_ImmiDate","No",1
"Avon",2013-11-11,2018-04-06,"KB","Natal_DOB_Emi","Yes",1
"Avon",2018-05-14,2018-06-12,"NH","Immigrants1_ImmiDate","No",2
"Avon",2018-06-12,2020-06-16,"Ifamily","Immigrants2_ImmiDate_ToAdd","No",3
"Awash",2020-11-03,2022-11-17,"KB","Natal_DOB_NonMigrant_Alive","Yes",1
"Babelas",2010-11-09,2014-05-15,"BD","Natal_NoDOB_Emi","Yes",1
"Babelas",2014-05-19,2016-04-19,"NH","Immigrants1_ImmiDate","No",2
"Babelas",2019-06-24,2021-04-07,"LT","Immigrants2_ImmiDate_ToAdd","No",3
"Babelas",2022-06-17,2022-06-30,"LT","Immigrants3_ImmiDate","No",4
"Babyaare2015",2015-11-12,2016-02-13,"KB","Natal_DOB_Disappeared","Yes",1
"Babyamur2015",2015-10-25,2015-11-04,"KB","Natal_DOB_Disappeared","Yes",1
"Babyamur2016",2016-11-03,2016-12-15,"KB","Natal_DOB_Disappeared","Yes",1
"Babybelabela2019",2019-10-14,2019-10-14,"NH","Natal_DOB_Disappeared","Yes",1
"Babybeminde2013",2013-10-22,2013-10-24,"BD","Natal_DOB_Disappeared","Yes",1
"Babybog2012",2012-10-18,2012-12-10,"NH","Natal_DOB_Disappeared","Yes",1
"Babybushy2014",2014-11-03,2015-02-25,"LT","Natal_DOB_Disappeared","Yes",1
"Babycam2012",2012-09-29,2013-05-07,"LT","Natal_DOB_Disappeared","Yes",1
"Babydag2012",2012-09-25,2012-11-29,"BD","Natal_DOB_Emi","Yes",1
"Babydag2012",2012-11-29,2012-11-29,"InBetweeners","Immigrants1_NoImmiDate_Natal","No",2
"Babydelilah2019",2019-11-04,2019-11-07,"LT","Natal_DOB_Disappeared","Yes",1
"Babydewe2021",2021-11-16,2021-12-28,"LT","Natal_DOB_Disappeared","Yes",1
"Babydian2021",2021-09-29,2021-09-29,"LT","Natal_DOB_Disappeared","Yes",1
"Babydiana2015",2015-11-17,2016-01-19,"LT","Natal_DOB_Disappeared","Yes",1
"Babydiana2019",2019-10-29,2019-10-29,"LT","Natal_DOB_Disappeared","Yes",1
"Babydigby2017",2017-10-05,2017-10-09,"LT","Natal_DOB_Disappeared","Yes",1
"Babydigby2019",2019-10-22,2019-10-24,"LT","Natal_DOB_Disappeared","Yes",1
"Babydigby2020",2020-11-17,2020-12-30,"LT","Natal_DOB_Disappeared","Yes",1
"Babydodgyknee2021",2021-12-03,2022-01-03,"CR","Natal_NoDOB_Disappeared","Yes",1
"Babyeina2018",2018-11-13,2018-11-26,"BD","Natal_DOB_Disappeared","Yes",1
"Babyemm2012",2012-10-08,2013-05-22,"LT","Natal_DOB_Disappeared","Yes",1
"Babygaga2013",2013-10-24,2013-12-06,"AK","Natal_DOB_Disappeared","Yes",1
"Babygaga2015",2015-11-26,2016-03-07,"AK","Natal_DOB_Disappeared","Yes",1
"Babygaya2018",2018-12-24,2019-01-21,"NH","Natal_DOB_Disappeared","Yes",1
"Babygaya2019",2019-10-14,2019-10-26,"NH","Natal_DOB_Disappeared","Yes",1
"Babygeneva2018",2018-11-05,2018-11-05,"NH","Natal_DOB_Disappeared","Yes",1
"Babygese2017",2017-10-09,2017-10-12,"BD","Natal_DOB_Disappeared","Yes",1
"Babyghan2015",2015-11-06,2015-11-06,"AK","Natal_DOB_Disappeared","Yes",1
"Babygoose2021",2021-11-11,2021-11-30,"CR","Natal_NoDOB_Disappeared","Yes",1
"Babyguat2020",2020-12-02,2021-12-02,"NH","Natal_DOB_Disappeared","Yes",1
"Babyguat2021",2021-11-02,2021-11-03,"NH","Natal_DOB_Disappeared","Yes",1
"Babygugu2015",2015-11-16,2016-01-02,"AK","Natal_DOB_Disappeared","Yes",1
"Babygugu2017",2017-10-31,2018-01-11,"AK","Natal_DOB_Disappeared","Yes",1
"Babygugu2019",2019-11-09,2020-03-04,"AK","Natal_DOB_Disappeared","Yes",1
"Babyhak2011",2011-11-22,2011-12-05,"BD","Natal_DOB_Disappeared","Yes",1
"Babyham2013",2013-10-03,2013-11-10,"AK","Natal_DOB_Disappeared","Yes",1
"Babyheer2019",2019-10-28,2020-01-28,"BD","Natal_DOB_Disappeared","Yes",1
"Babyidwa2015",2015-11-18,2016-01-05,"AK","Natal_DOB_Disappeared","Yes",1
"Babyisil2015",2015-11-05,2016-01-04,"AK","Natal_DOB_Disappeared","Yes",1
"Babyjenn2014",2014-10-20,2015-02-23,"LT","Natal_DOB_Disappeared","Yes",1
"Babyjink2014",2014-11-03,2014-11-03,"NH","Natal_DOB_Disappeared","Yes",1
"Babykai2012",2012-11-01,2012-11-15,"BD","Natal_NoDOB_Emi","Yes",1
"Babykai2012",2012-11-15,2012-11-15,"InBetweeners","Immigrants1_NoImmiDate_Natal","No",2
"Babykaya2017",2017-11-04,2018-02-21,"LT","Natal_DOB_Emi","Yes",1
"Babykaya2017",2018-02-21,2018-03-03,"LTsplit","Immigrants1_ImmiDate","No",2
"Babykodi2021",2021-12-03,2022-11-17,"CR","Natal_NoDOB_NonMigrant_Alive","Yes",1
"Babykodiak2020",2021-04-16,2021-08-14,"CR","Natal_NoDOB_Disappeared","Yes",1
"Babylau2012",2012-10-29,2012-11-12,"NH","Natal_DOB_Disappeared","Yes",1
"Babylima2018",2018-11-29,2019-03-18,"NH","Natal_DOB_Disappeared","Yes",1
"Babylima2019",2019-10-22,2019-10-26,"NH","Natal_DOB_Disappeared","Yes",1
"Babylionel2017",2017-10-13,2017-11-17,"CR","Natal_NoDOB_Disappeared","Yes",1
"Babylittleblind2017",2017-10-03,2017-10-06,"BD","Natal_DOB_Disappeared","Yes",1
"Babymackenzie2017",2018-02-14,2018-04-07,"CR","Natal_NoDOB_Disappeared","Yes",1
"Babymamo2015",2015-11-11,2016-02-22,"AK","Natal_DOB_Disappeared","Yes",1
"Babymara2019",2019-10-21,2019-10-24,"KB","Natal_DOB_Disappeared","Yes",1
"Babymielies2014",2014-10-27,2014-11-03,"BD","Natal_DOB_Disappeared","Yes",1
"Babymielies2017",2017-12-27,2018-01-15,"BD","Natal_DOB_Disappeared","Yes",1
"Babymielies2019",2019-10-31,2019-11-03,"BD","Natal_DOB_Disappeared","Yes",1
"Babymoo2011",2012-01-23,2012-02-06,"BD","Natal_DOB_Disappeared","Yes",1
"Babynala2014",2014-10-18,2015-01-31,"LT","Natal_DOB_Disappeared","Yes",1
"Babyndaw2021",2021-11-18,2021-11-20,"AK","Natal_DOB_Disappeared","Yes",1
"Babyness2015",2015-11-09,2016-01-29,"KB","Natal_DOB_Disappeared","Yes",1
"Babynessie2019",2019-10-24,2019-10-24,"KB","Natal_DOB_Disappeared","Yes",1
"Babyniese2014",2014-11-11,2014-12-26,"BD","Natal_DOB_Disappeared","Yes",1
"Babynkos2015",2015-11-12,2016-03-07,"AK","Natal_DOB_Disappeared","Yes",1
"Babynumbies2017",2017-09-25,2017-10-09,"BD","Natal_DOB_Disappeared","Yes",1
"Babynumbies2019",2019-10-03,2019-10-03,"BD","Natal_DOB_Disappeared","Yes",1
"Babynurks2018",2018-11-14,2019-02-04,"BD","Natal_DOB_Disappeared","Yes",1
"Babynyanga2018",2018-12-24,2018-12-24,"AK","Natal_DOB_Disappeared","Yes",1
"Babynyanga2020",2020-11-21,2021-01-16,"AK","Natal_DOB_Disappeared","Yes",1
"Babyoahu2015",2015-12-17,2016-01-14,"CR","Natal_NoDOB_Disappeared","Yes",1
"Babyoahu2017",2017-10-10,2017-10-10,"CR","Natal_DOB_Disappeared","Yes",1
"Babyoerw2021",2021-12-06,2021-12-12,"BD","Natal_DOB_Disappeared","Yes",1
"Babyouli2021",2021-10-09,2021-10-09,"BD","Natal_DOB_Disappeared","Yes",1
"Babypannekoekie2014",2014-11-03,2014-12-11,"BD","Natal_DOB_Disappeared","Yes",1
"Babypannekoekie2017",2017-10-12,2017-12-21,"BD","Natal_DOB_Disappeared","Yes",1
"Babypannekoekie2019",2019-11-04,2019-11-05,"BD","Natal_DOB_Disappeared","Yes",1
"Babypearl2015",2015-12-03,NA,"KB","Natal_DOB_Splinter","Yes",1
"Babypotjie2019",2019-10-25,2019-10-29,"BD","Natal_DOB_Disappeared","Yes",1
"Babypret2021",2021-10-05,2021-10-05,"NH","Natal_DOB_Disappeared","Yes",1
"Babypretoria2019",2019-11-06,2019-11-06,"NH","Natal_DOB_Disappeared","Yes",1
"Babypuolka2019",2019-10-22,2019-10-23,"BD","Natal_DOB_Disappeared","Yes",1
"Babyredelik2019",2019-10-19,2019-10-19,"BD","Natal_DOB_Disappeared","Yes",1
"Babyrenn2020",2020-11-22,2020-12-29,"NH","Natal_DOB_Disappeared","Yes",1
"Babyreva2019",2019-10-23,2019-10-26,"NH","Natal_DOB_Disappeared","Yes",1
"Babyrosl2020",2020-11-03,2020-12-13,"NH","Natal_DOB_Disappeared","Yes",1
"Babyroxanne2017",2017-10-16,2018-02-19,"LT","Natal_DOB_Disappeared","Yes",1
"Babyruby2017",2017-11-03,2017-12-17,"LT","Natal_DOB_Disappeared","Yes",1
"Babysnortjie2015",2015-11-06,2015-11-06,"BD","Natal_DOB_Disappeared","Yes",1
"Babysuzy2014",2014-10-11,2015-02-25,"LT","Natal_DOB_Disappeared","Yes",1
"Babytere2014",2014-10-22,2015-02-20,"LT","Natal_DOB_Disappeared","Yes",1
"Babytip2012",2012-10-09,2012-11-13,"BD","Natal_DOB_Emi","Yes",1
"Babytip2012",2012-11-13,2012-11-13,"InBetweeners","Immigrants1_NoImmiDate_Natal","No",2
"Babytonga2015",2015-11-27,2015-12-27,"CR","Natal_DOB_Disappeared","Yes",1
"Babytroi2015",2015-10-22,2015-12-11,"NH","Natal_DOB_Disappeared","Yes",1
"Babyumnak2015",2015-11-28,2016-01-13,"CR","Natal_DOB_Disappeared","Yes",1
"Babyupp2012",2012-10-19,2012-11-03,"NH","Natal_DOB_Disappeared","Yes",1
"Babyvict2014",2014-10-28,2015-01-16,"LT","Natal_DOB_Disappeared","Yes",1
"Babywietnie2013",2013-11-12,2013-11-12,"BD","Natal_DOB_Disappeared","Yes",1
"Babyxalapa2018",2019-01-21,2019-01-21,"NH","Natal_DOB_Disappeared","Yes",1
"Babyxalapa2019",2019-10-30,2019-10-30,"NH","Natal_DOB_Disappeared","Yes",1
"Babyxian2019",2019-10-24,2019-10-26,"NH","Natal_DOB_Disappeared","Yes",1
"Babyyalu2020",2020-12-01,2021-01-15,"KB","Natal_DOB_Disappeared","Yes",1
"Babyyaou2014",2014-10-09,2015-01-17,"NH","Natal_DOB_Disappeared","Yes",1
"Babyzeia2015",2015-10-15,2015-11-03,"KB","Natal_DOB_Disappeared","Yes",1
"Babyzuni2021",2021-11-11,2022-04-16,"CR","Natal_NoDOB_Disappeared","Yes",1
"Bahamas",2021-11-27,2022-11-17,"CR","Natal_NoDOB_NonMigrant_Alive","Yes",1
"Bali",2018-04-09,2022-11-17,"CR","Natal_NoDOB_NonMigrant_Alive","Yes",1
"Bamako",2011-11-01,2013-02-21,"NH","Natal_DOB_Disappeared","Yes",1
"Bangalore",2020-11-26,2021-02-20,"NH","Natal_DOB_Disappeared","Yes",1
"Bari",2015-11-18,2016-04-13,"NH","Natal_DOB_Emi","Yes",1
"Bari",2016-04-13,2016-04-13,"Iceland","Immigrants1_NoImmiDate_Natal","No",2
"Barry",2021-07-28,2022-11-17,"CR","Natal_NoDOB_NonMigrant_Alive","Yes",1
"Base",2015-02-25,2017-04-29,"CR","Natal_NoDOB_Emi","Yes",1
"Base",2017-05-05,2021-02-19,"BD","Immigrants1_ImmiDate","No",2
"Beirut",2018-12-03,2022-11-17,"NH","Natal_DOB_NonMigrant_Alive","Yes",1
"Belabela",2014-11-29,2022-11-17,"NH","Natal_DOB_NonMigrant_Alive","Yes",1
"Beminde",2010-11-23,2014-01-05,"BD","Natal_NoDOB_Emi","Yes",1
"Beminde",2014-01-05,2016-06-15,"Intaka","Immigrants1_NoImmiDate_Natal","No",2
"Benedict",2018-06-08,2020-07-18,"LT","Immigrants1_ImmiDate","No",1
"Bermuda",2016-02-29,2017-02-12,"CR","Natal_NoDOB_Emi","Yes",1
"Bermuda",2017-02-12,2017-04-10,"SplitCR","Immigrants1_ImmiDate","No",2
"Bethlehem",2021-11-08,2022-11-17,"NH","Natal_DOB_NonMigrant_Alive","Yes",1
"Bigears",2021-06-06,2022-11-17,"CR","Natal_NoDOB_NonMigrant_Alive","Yes",1
"Bingo",2011-04-25,2015-01-15,"BD","Natal_NoDOB_Disappeared","Yes",1
"Blacktits",2010-12-13,2010-12-13,"RC","Natal_NoDOB_Disappeared","Yes",1
"Blupblup",2018-04-18,2018-07-20,"CR","Natal_NoDOB_Disappeared","Yes",1
"Bocold",2014-12-31,2017-01-21,"CR","Immigrants1_ImmiDate","No",1
"Bocold",2017-01-31,2019-05-04,"BD","Immigrants2_ImmiDate_ToAdd","No",2
"Bocold",2019-05-15,2019-10-30,"AK","Immigrants3_ImmiDate","No",3
"Bogota",2011-03-05,2016-04-13,"NH","Natal_NoDOB_Emi","Yes",1
"Bogota",2016-04-13,2016-07-12,"Iceland","Immigrants1_NoImmiDate_Natal","No",2
"Boks",2010-11-09,2010-12-24,"BD","Immigrants1_ImmiDate","No",1
"Bongani",2012-01-28,2013-04-25,"AK","Immigrants1_NoImmiDate_NonNatal","No",1
"Boston",2013-10-28,2018-05-23,"NH","Natal_DOB_Disappeared","Yes",1
"Bougainville",2021-03-24,2022-11-17,"CR","Natal_NoDOB_NonMigrant_Alive","Yes",1
"Brasilia",2011-12-16,2016-04-13,"NH","Natal_NoDOB_Emi","Yes",1
"Brasilia",2016-04-13,2016-07-12,"Iceland","Immigrants1_NoImmiDate_Natal","No",2
"Brisbane",2015-11-10,2016-04-13,"NH","Natal_DOB_Emi","Yes",1
"Brisbane",2016-04-13,2016-04-13,"Iceland","Immigrants1_NoImmiDate_Natal","No",2
"Brucespringsteen",2011-09-29,2011-09-29,"RC","Immigrants1_NoImmiDate_NonNatal","No",1
"Bryan",2011-01-16,2012-05-01,"LT","Immigrants1_ImmiDate","No",1
"Bukubuku",2021-05-11,2022-11-17,"AK","Immigrants1_ImmiDate","No",1
"Bullebak",2012-10-01,2017-12-07,"BD","Natal_DOB_Disappeared","Yes",1
"Bushy",2012-11-15,2015-03-02,"LT","Natal_NoDOB_Emi","Yes",1
"Bushy",2015-03-02,2015-07-01,"FirstLTsplinter","Immigrants1_NoImmiDate_Natal","No",2
"Byron",2011-11-21,2013-10-22,"LT","Natal_NoDOB_Disappeared","Yes",1
"Cameron",2017-10-05,2022-01-26,"CR","Natal_NoDOB_Disappeared","Yes",1
"Cancun",2013-06-28,2016-02-25,"NH","Immigrants1_ImmiDate","No",1
"Cancun",2016-03-14,2017-02-16,"AK","Immigrants2_ImmiDate_ToAdd","No",2
"Cancun",2017-05-30,2018-12-17,"NH","Immigrants3_ImmiDate","No",3
"Cancun",2019-06-17,2021-01-27,"NH","Immigrants4_ImmiDate","No",4
"Capri",2022-03-28,2022-11-17,"CR","Natal_NoDOB_NonMigrant_Alive","Yes",1
"Cayman",2021-05-19,2022-11-17,"CR","Natal_NoDOB_NonMigrant_Alive","Yes",1
"Charles",2011-11-21,2013-12-09,"LT","Natal_NoDOB_Disappeared","Yes",1
"Chernobyl",2012-04-28,2014-05-26,"NH","Immigrants1_ImmiDate","No",1
"Chernobyl",2014-06-09,2016-08-06,"BD","Immigrants2_ImmiDate_ToAdd","No",2
"Chiloe",2015-01-06,2022-11-17,"CR","Natal_NoDOB_NonMigrant_Alive","Yes",1
"Cindylauper",2011-10-26,2011-11-11,"RC","Natal_NoDOB_Disappeared","Yes",1
"Circe",2022-06-28,2022-11-17,"IF","Natal_NoDOB_NonMigrant_Alive","Yes",1
"Clarence",2021-07-28,2022-11-17,"CR","Natal_NoDOB_NonMigrant_Alive","Yes",1
"Colorado",2015-05-25,2016-05-11,"KB","Immigrants1_ImmiDate","No",1
"Colorado",2016-04-29,2016-09-14,"IFamily","Immigrants2_ImmiDate_ToAdd","No",2
"Cone",2014-12-30,2015-07-22,"CR","Natal_NoDOB_Disappeared","Yes",1
"Corfu",2017-12-23,2018-06-02,"CR","Natal_NoDOB_Disappeared","Yes",1
"Cuba",2015-01-06,2015-12-15,"CR","Natal_NoDOB_Disappeared","Yes",1
"Curaco",2012-04-14,2012-04-14,"KB","Natal_NoDOB_Disappeared","Yes",1
"Curious",2014-12-30,2015-11-06,"CR","Natal_NoDOB_Disappeared","Yes",1
"Cusco",2018-05-21,2018-12-17,"NH","Immigrants1_ImmiDate","No",1
"Cusco",2019-05-21,2020-11-30,"NH","Immigrants2_ImmiDate_ToAdd","No",2
"Daartagnan",2017-11-02,2022-06-06,"LT","Natal_DOB_Disappeared","Yes",1
"Daenerys",2015-08-20,2022-11-17,"LT","Natal_NoDOB_NonMigrant_Alive","Yes",1
"Dagga",2011-04-07,2012-11-29,"BD","Natal_NoDOB_Emi","Yes",1
"Dagga",2012-11-29,2013-12-23,"InBetweeners","Immigrants1_NoImmiDate_Natal","No",2
"Daila",2021-11-20,2022-11-17,"LT","Natal_DOB_NonMigrant_Alive","Yes",1
"Daisy",2014-08-26,2022-11-17,"LT","Natal_NoDOB_NonMigrant_Alive","Yes",1
"Dakar",2022-09-10,2022-11-17,"NH","Immigrants1_ImmiDate","No",1
"Dalton",2018-11-28,2022-11-17,"LT","Natal_DOB_NonMigrant_Alive","Yes",1
"Danielle",2021-11-22,2022-11-17,"LT","Natal_DOB_NonMigrant_Alive","Yes",1
"Danube",2012-05-25,2014-05-12,"KB","Immigrants1_NoImmiDate_NonNatal","No",1
"Danube",2014-05-28,2014-08-30,"BD","Immigrants2_ImmiDate_ToAdd","No",2
"Danube",2014-09-08,2015-06-20,"IN","Immigrants3_ImmiDate","No",3
"Danube",2015-06-24,2015-10-13,"AK","Immigrants4_ImmiDate","No",4
"Dapper",2014-07-01,2016-01-27,"BD","Immigrants1_ImmiDate","No",1
"Darwin",2012-07-31,2016-09-02,"LT","Natal_NoDOB_Disappeared","Yes",1
"Dastard",2019-11-01,2022-11-17,"LT","Natal_DOB_NonMigrant_Alive","Yes",1
"Dazzle",2020-11-20,2022-11-17,"LT","Natal_DOB_NonMigrant_Alive","Yes",1
"Deja",2020-12-07,2022-11-17,"LT","Natal_DOB_NonMigrant_Alive","Yes",1
"Delilah",2012-10-08,2022-11-17,"LT","Natal_DOB_NonMigrant_Alive","Yes",1
"Delta",2020-12-11,2022-11-17,"LT","Natal_DOB_NonMigrant_Alive","Yes",1
"Delux",2021-12-11,2022-11-17,"LT","Natal_DOB_NonMigrant_Alive","Yes",1
"Derrick",2021-12-11,2022-06-04,"LT","Natal_DOB_Disappeared","Yes",1
"Dewey",2017-01-04,2022-11-17,"LT","Natal_DOB_NonMigrant_Alive","Yes",1
"Dexter",2017-11-30,2022-06-04,"LT","Natal_DOB_Disappeared","Yes",1
"Diamond",2020-10-29,2022-11-17,"LT","Natal_DOB_NonMigrant_Alive","Yes",1
"Diana",2011-02-19,2022-11-17,"LT","Natal_NoDOB_NonMigrant_Alive","Yes",1
"Digby",2014-01-08,2022-11-17,"LT","Natal_DOB_NonMigrant_Alive","Yes",1
"Dillon",2016-12-05,2021-12-11,"LT","Natal_DOB_Disappeared","Yes",1
"Dion",2015-12-12,2021-03-23,"LT","Natal_DOB_Disappeared","Yes",1
"Disco",2021-11-21,2022-03-09,"LT","Natal_DOB_Disappeared","Yes",1
"Dixon",2018-11-11,2022-11-17,"LT","Natal_DOB_NonMigrant_Alive","Yes",1
"Dodgyknee",2021-04-16,2022-01-03,"CR","Natal_NoDOB_Disappeared","Yes",1
"Dokos",2017-08-22,2018-07-20,"CR","Natal_NoDOB_Emi","Yes",1
"Dokos",2019-05-30,2022-07-21,"BD","Immigrants1_ImmiDate","No",2
"Donsig",2011-04-07,2015-01-15,"BD","Natal_NoDOB_Emi","Yes",1
"Donsig",2015-04-03,2018-11-16,"LT","Immigrants1_ImmiDate","No",2
"Doreen",2017-12-29,2022-11-17,"LT","Natal_DOB_NonMigrant_Alive","Yes",1
"Doublespot",2012-08-13,2014-05-10,"KB","Natal_NoDOB_Disappeared","Yes",1
"Downlip",2014-05-28,2014-07-09,"LT","Immigrants1_ImmiDate","No",1
"Drew",2010-12-13,2011-11-01,"RC","Natal_NoDOB_Disappeared","Yes",1
"Dublin",2010-11-08,2012-10-27,"NH","Immigrants1_ImmiDate","No",1
"Duckie",2021-05-27,2022-11-17,"CR","Natal_NoDOB_NonMigrant_Alive","Yes",1
"Dulcina",2015-10-08,2015-10-08,"CR","Natal_NoDOB_Disappeared","Yes",1
"Dwergie",2010-12-01,2016-01-19,"BD","Natal_NoDOB_Emi","Yes",1
"Dwergie",2016-01-26,2016-03-23,"AK","Immigrants1_ImmiDate","No",2
"Easter",2018-04-09,2022-03-12,"CR","Natal_NoDOB_Disappeared","Yes",1
"Edward",2012-06-12,2014-11-12,"LT","Immigrants1_ImmiDate","No",1
"Eier",2021-11-02,2022-02-16,"BD","Natal_DOB_Disappeared","Yes",1
"Eina",2014-10-18,2022-11-17,"BD","Natal_DOB_NonMigrant_Alive","Yes",1
"Eish",2020-11-21,2022-11-17,"BD","Natal_DOB_NonMigrant_Alive","Yes",1
"Elbar",2021-07-28,2021-09-03,"CR","Natal_NoDOB_Disappeared","Yes",1
"Ellesmere",2014-12-30,2016-07-19,"CR","Natal_NoDOB_Disappeared","Yes",1
"Elton",2011-06-09,2012-02-04,"LT","Natal_NoDOB_Emi","Yes",1
"Elton",2012-01-28,2016-01-18,"AK","Immigrants1_ImmiDate","No",2
"Elvispresley",2010-12-24,2011-11-11,"RC","Immigrants1_NoImmiDate_NonNatal","No",1
"Emma",2011-12-16,2013-07-04,"LT","Natal_NoDOB_Disappeared","Yes",1
"Engel",2011-04-07,2022-11-17,"BD","Natal_NoDOB_NonMigrant_Alive","Yes",1
"Ermelo",2022-06-16,2022-11-17,"NH","Immigrants1_ImmiDate","No",1
"Ertjies",2011-04-07,2012-04-26,"BD","Natal_NoDOB_Emi","Yes",1
"Ertjies",2012-04-26,2015-12-11,"NH","Immigrants1_ImmiDate","No",2
"Etosha",2021-06-02,2021-12-10,"KB","Immigrants1_ImmiDate","No",1
"Evanescence",2011-11-01,2011-11-25,"RC","Natal_NoDOB_Disappeared","Yes",1
"Everest",2015-11-14,2015-12-07,"RL","Natal_NoDOB_Disappeared","Yes",1
"Faroe",2014-10-28,2016-01-30,"CR","Natal_DOB_Disappeared","Yes",1
"Feekie",2010-11-10,2012-11-13,"BD","Natal_NoDOB_Emi","Yes",1
"Feekie",2012-11-13,2013-02-01,"InBetweeners","Immigrants1_NoImmiDate_Natal","No",2
"Feniks",2017-09-01,2020-01-10,"BD","Immigrants1_ImmiDate","No",1
"Fiji",2018-04-12,2018-07-20,"CR","Natal_NoDOB_Disappeared","Yes",1
"Flatty",2015-01-06,2017-04-24,"CR","Natal_NoDOB_Disappeared","Yes",1
"Flensburg",2020-07-31,2021-11-04,"NH","Immigrants1_ImmiDate","No",1
"Flensburg",2022-01-18,2022-11-17,"NH","Immigrants2_ImmiDate_ToAdd","No",2
"Fluister",2019-04-30,2022-11-17,"BD","Immigrants1_ImmiDate","No",1
"Foei",2010-11-09,2011-04-19,"BD","Natal_NoDOB_Disappeared","Yes",1
"Formentera",2014-10-28,2017-01-12,"CR","Natal_NoDOB_Splinter","Yes",1
"Formintira",2022-06-11,2022-11-17,"CR","Immigrants1_ImmiDate","No",1
"Freyja",2022-06-28,2022-11-17,"IF","Natal_NoDOB_NonMigrant_Alive","Yes",1
"Fudu",2013-06-11,2015-09-11,"AK","Immigrants1_ImmiDate","No",1
"Furryglen",2022-03-19,2022-11-17,"KB","Immigrants1_ImmiDate","No",1
"Gaaf",2014-10-20,2019-06-08,"BD","Natal_DOB_Emi","Yes",1
"Gaaf",2019-06-08,2019-06-18,"CR","Immigrants1_NoImmiDate_Natal","No",2
"Gabillou",2016-11-14,2018-06-08,"NH","Natal_DOB_Disappeared","Yes",1
"Gagasa",2011-01-18,2016-03-03,"AK","Natal_NoDOB_Disappeared","Yes",1
"Galapagos",2015-01-06,2022-11-17,"CR","Natal_NoDOB_NonMigrant_Alive","Yes",1
"Galati",2015-10-23,2016-04-18,"NH","Natal_DOB_Disappeared","Yes",1
"Galeria",2021-11-05,2022-11-17,"NH","Natal_DOB_NonMigrant_Alive","Yes",1
"Gangtok",2017-11-13,2021-12-24,"NH","Natal_DOB_Disappeared","Yes",1
"Garoua",2012-10-11,2016-06-23,"NH","Natal_DOB_Emi","Yes",1
"Garoua",2016-07-14,2016-07-14,"5males","Immigrants1_ImmiDate","No",2
"Gasket",2021-10-25,2022-11-17,"CR","Natal_NoDOB_NonMigrant_Alive","Yes",1
"Gaya",2011-11-14,2022-11-17,"NH","Natal_DOB_NonMigrant_Alive","Yes",1
"Geleza",2012-09-29,2018-01-23,"AK","Natal_DOB_Disappeared","Yes",1
"Gelosi",2012-05-14,2012-06-01,"AK","Natal_NoDOB_Emi","Yes",1
"Gelosi",2012-06-04,2013-10-28,"LT","Immigrants1_ImmiDate","No",2
"Geneva",2011-01-13,2019-07-23,"NH","Natal_NoDOB_Disappeared","Yes",1
"George",2019-03-18,2022-03-18,"LT","Immigrants1_ImmiDate","No",1
"Gesels",2011-04-12,2022-11-17,"BD","Natal_NoDOB_NonMigrant_Alive","Yes",1
"Ghandaghanda",2020-11-17,2022-11-17,"AK","Natal_DOB_NonMigrant_Alive","Yes",1
"Ghangaan",2012-01-28,2015-11-06,"AK","Natal_NoDOB_Disappeared","Yes",1
"Ghida",2014-10-31,2022-11-17,"AK","Natal_DOB_NonMigrant_Alive","Yes",1
"Ghidigidi",2018-11-12,2021-01-21,"AK","Natal_DOB_Disappeared","Yes",1
"Ghozololo",2012-11-05,2016-01-28,"AK","Natal_DOB_Disappeared","Yes",1
"Gibela",2020-11-12,2022-11-17,"AK","Natal_DOB_NonMigrant_Alive","Yes",1
"Gigolo",2010-12-07,2010-12-07,"BD","Immigrants1_ImmiDate","No",1
"Gilane",2018-11-20,2022-11-17,"AK","Natal_DOB_NonMigrant_Alive","Yes",1
"Gino",2010-12-24,2011-11-25,"RC","Natal_NoDOB_Disappeared","Yes",1
"Ginqinka",2014-10-18,2022-11-17,"AK","Natal_DOB_NonMigrant_Alive","Yes",1
"Giya",2011-10-07,2013-09-18,"AK","Natal_DOB_Disappeared","Yes",1
"Glastonbury",2013-11-12,2018-05-14,"NH","Natal_DOB_Emi","Yes",1
"Glastonbury",2018-05-28,2018-05-28,"Jacaranda","Immigrants1_ImmiDate","No",2
"Gobela",2021-11-12,2022-11-17,"AK","Natal_DOB_NonMigrant_Alive","Yes",1
"Goduka",2017-10-09,2022-11-17,"AK","Natal_DOB_NonMigrant_Alive","Yes",1
"Goed",2018-10-26,2022-11-17,"BD","Natal_DOB_NonMigrant_Alive","Yes",1
"Gomonqo",2021-11-03,2022-11-17,"AK","Natal_DOB_NonMigrant_Alive","Yes",1
"Goose",2017-10-10,2018-07-20,"CR","Natal_NoDOB_Disappeared","Yes",1
"Govu",2012-01-28,2013-12-19,"AK","Natal_NoDOB_Emi","Yes",1
"Govu",2014-01-31,2014-06-13,"Intaka","Immigrants1_ImmiDate","No",2
"Govu",2014-06-20,2017-02-27,"NH","Immigrants2_ImmiDate_ToAdd","No",3
"Govu",2017-03-01,2017-03-23,"CR","Immigrants3_ImmiDate","No",4
"Granada",2014-12-08,2022-11-17,"NH","Natal_DOB_NonMigrant_Alive","Yes",1
"Greenbay",2019-11-06,2022-11-17,"NH","Natal_DOB_NonMigrant_Alive","Yes",1
"Greenland",2014-11-12,2015-02-25,"CR","Natal_DOB_Disappeared","Yes",1
"Griffin",2020-11-23,2022-11-17,"NH","Natal_DOB_NonMigrant_Alive","Yes",1
"Griselles",2018-12-13,2022-11-17,"NH","Natal_DOB_NonMigrant_Alive","Yes",1
"Grive",2021-11-03,2022-11-17,"NH","Natal_DOB_NonMigrant_Alive","Yes",1
"Grote",2011-04-07,2012-03-21,"BD","Natal_NoDOB_Emi","Yes",1
"Grote",2012-05-01,2013-01-25,"NH","Immigrants1_ImmiDate","No",2
"Guatemala",2016-11-22,2022-11-17,"NH","Natal_DOB_NonMigrant_Alive","Yes",1
"Gubane",2018-11-25,2022-11-17,"AK","Natal_DOB_NonMigrant_Alive","Yes",1
"Gubha",2014-11-01,2022-11-17,"AK","Natal_DOB_NonMigrant_Alive","Yes",1
"Gubudu",2020-12-11,2022-11-17,"AK","Natal_DOB_NonMigrant_Alive","Yes",1
"Gugu",2010-11-02,2021-03-18,"AK","Natal_DOB_Disappeared","Yes",1
"Gunsandroses",2010-12-18,2010-12-18,"RC","Immigrants1_NoImmiDate_NonNatal","No",1
"Gunya",2016-11-16,2019-10-31,"AK","Natal_DOB_Disappeared","Yes",1
"Gusha",2020-11-16,2021-03-11,"AK","Natal_DOB_Disappeared","Yes",1
"Guyaquil",2010-11-05,2015-04-22,"NH","Natal_DOB_Disappeared","Yes",1
"Guzunga",2018-11-01,2022-11-17,"AK","Natal_DOB_NonMigrant_Alive","Yes",1
"Haaigranaat",2021-11-04,2022-11-17,"BD","Natal_DOB_NonMigrant_Alive","Yes",1
"Hakie",2010-11-23,2014-02-12,"BD","Natal_NoDOB_Disappeared","Yes",1
"Halfy",2012-12-01,NA,"LT","Natal_DOB_Splinter","Yes",1
"Hamba",2010-12-18,2015-08-22,"AK","Natal_NoDOB_Disappeared","Yes",1
"Hamlet",2011-05-14,2013-05-07,"LT","Natal_NoDOB_Emi","Yes",1
"Hamlet",2013-05-24,2014-05-14,"AK","Immigrants1_ImmiDate","No",2
"Hamlet",2014-05-28,2015-05-26,"BD","Immigrants2_ImmiDate_ToAdd","No",3
"Hamlet",2015-08-18,2015-10-24,"CR","Immigrants3_ImmiDate","No",4
"Handi",2014-12-31,2017-04-29,"CR","Natal_NoDOB_Emi","Yes",1
"Handi",2017-05-06,2020-03-04,"BD","Immigrants1_ImmiDate","No",2
"Harry",2011-06-09,2012-08-28,"LT","Immigrants1_ImmiDate","No",1
"Hasie",2015-11-19,2016-05-17,"BD","Natal_DOB_Disappeared","Yes",1
"Heelal",2017-10-30,2022-11-17,"BD","Natal_DOB_NonMigrant_Alive","Yes",1
"Heerlik",2010-11-16,2022-11-17,"BD","Natal_NoDOB_NonMigrant_Alive","Yes",1
"Heilweis",2014-10-31,2019-06-08,"BD","Natal_DOB_Emi","Yes",1
"Heilweis",2021-04-01,2022-11-17,"CR","Immigrants1_ImmiDate","No",2
"Heleza",2012-05-14,2014-11-01,"AK","Natal_NoDOB_Disappeared","Yes",1
"Helikopter",2020-11-19,2022-09-14,"BD","Natal_DOB_Disappeared","Yes",1
"Helmet",2014-12-31,2018-02-03,"CR","Natal_NoDOB_Disappeared","Yes",1
"Hemel",2021-11-04,2022-11-17,"BD","Natal_DOB_NonMigrant_Alive","Yes",1
"Henderson",2015-01-06,2015-05-26,"CR","Immigrants1_ImmiDate","No",1
"Heyi",2012-10-15,2017-04-24,"AK","Natal_DOB_Disappeared","Yes",1
"Hiasint",2018-10-26,2021-04-08,"BD","Natal_DOB_Disappeared","Yes",1
"Hibe",2010-11-02,2015-05-15,"AK","Natal_DOB_Disappeared","Yes",1
"Hibiscus",2016-11-30,2020-02-28,"BD","Natal_DOB_Disappeared","Yes",1
"Hippie",2012-10-22,2020-03-07,"BD","Natal_DOB_Disappeared","Yes",1
"Hleka",2012-01-28,2015-11-16,"AK","Natal_NoDOB_Disappeared","Yes",1
"Hlokoloza",2012-12-23,2017-05-16,"AK","Natal_DOB_Emi","Yes",1
"Hlokoloza",2017-05-16,2019-11-20,"BD","Immigrants1_ImmiDate","No",2
"Hluhluwe",2014-10-18,2020-02-27,"AK","Natal_DOB_Disappeared","Yes",1
"Hola",2012-09-11,2018-02-15,"AK","Natal_DOB_Disappeared","Yes",1
"Holey",2021-06-01,2022-11-17,"CR","Natal_NoDOB_NonMigrant_Alive","Yes",1
"Hondjie",2016-11-29,2022-11-17,"BD","Natal_DOB_NonMigrant_Alive","Yes",1
"Huge",2015-01-12,2016-01-14,"CR","Natal_NoDOB_Disappeared","Yes",1
"Humusha",2014-09-22,2016-05-21,"AK","Natal_DOB_Disappeared","Yes",1
"Hwahwaza",2011-09-16,2016-06-04,"AK","Natal_DOB_Emi","Yes",1
"Hwahwaza",2016-06-08,2017-12-11,"BD","Immigrants1_ImmiDate","No",2
"Ibissa",2022-06-09,2022-11-17,"CR","Immigrants1_ImmiDate","No",1
"Iceland",2014-12-30,2018-07-18,"CR","Natal_NoDOB_Disappeared","Yes",1
"Idwala",2011-11-10,2016-02-29,"AK","Natal_DOB_Emi","Yes",1
"Idwala",2016-02-29,2016-06-29,"IFamily","Immigrants1_NoImmiDate_Natal","No",2
"Ifu",2010-11-02,2015-03-30,"AK","Natal_DOB_Disappeared","Yes",1
"Iggy",2014-08-18,2019-03-15,"LT","Natal_NoDOB_Disappeared","Yes",1
"Ihlane",2014-11-03,2016-02-29,"AK","Natal_DOB_Emi","Yes",1
"Ihlane",2016-04-29,2017-04-07,"IFamily","Immigrants1_ImmiDate","No",2
"Ijinja",2012-10-09,2016-03-03,"AK","Natal_DOB_Emi","Yes",1
"Ijinja",2016-03-03,2016-06-29,"Ifamily","Immigrants1_NoImmiDate_Natal","No",2
"Ilonga",2013-11-04,2016-01-22,"AK","Natal_DOB_Emi","Yes",1
"Ilonga",2016-01-22,2016-06-29,"IFamily","Immigrants1_NoImmiDate_Natal","No",2
"Imposter",2017-11-23,2018-02-07,"LT","Immigrants2_ImmiDate_ToAdd","No",3
"India",2012-11-15,2017-12-19,"LT","Natal_NoDOB_Disappeared","Yes",1
"Inhlanhla",2012-01-28,2016-02-29,"AK","Natal_NoDOB_Emi","Yes",1
"Inhlanhla",2016-02-29,2022-11-17,"IFamily","Immigrants1_NoImmiDate_Natal","No",2
"Inkwazi",2013-11-18,2016-01-22,"AK","Natal_DOB_Emi","Yes",1
"Inkwazi",2016-01-22,2016-06-29,"IFamily","Immigrants1_NoImmiDate_Natal","No",2
"Inner",2014-12-31,2017-01-31,"CR","Natal_NoDOB_Disappeared","Yes",1
"Intaba",2014-11-27,2016-02-29,"AK","Natal_DOB_Emi","Yes",1
"Intaba",2016-02-29,2016-06-09,"IFamily","Immigrants1_NoImmiDate_Natal","No",2
"Ireland",2015-11-08,2015-02-12,"CR","Natal_NoDOB_Disappeared","Yes",1
"Ischia",2017-10-16,2018-07-18,"CR","Natal_NoDOB_Disappeared","Yes",1
"Isilonda",2010-12-18,2016-02-29,"AK","Natal_NoDOB_Emi","Yes",1
"Isilonda",2016-04-29,2017-04-07,"IFamily","Immigrants1_ImmiDate","No",2
"Istanbul",2010-12-15,2012-01-09,"NH","Natal_NoDOB_Disappeared","Yes",1
"Izulu",2012-01-28,2013-03-23,"AK","Natal_NoDOB_Disappeared","Yes",1
"Jackie",2011-08-03,2014-06-20,"LT","Natal_NoDOB_Disappeared","Yes",1
"Jagerbomb",2014-05-08,2015-01-10,"BD","Immigrants1_ImmiDate","No",1
"Jakarta",2011-01-18,2016-04-14,"NH","Natal_NoDOB_Emi","Yes",1
"Jakarta",2016-04-14,2016-04-14,"Iceland","Immigrants1_NoImmiDate_Natal","No",2
"Jalitah",2015-11-27,2016-09-29,"CR","Natal_NoDOB_Disappeared","Yes",1
"James",2011-01-28,2012-06-08,"LT","Immigrants1_ImmiDate","No",1
"Jane",2016-01-15,2018-02-21,"LT","Natal_DOB_Emi","Yes",1
"Jane",2018-02-21,2018-02-21,"LTsplit","Immigrants1_ImmiDate","No",2
"Japan",2014-11-20,2015-05-15,"CR","Immigrants1_ImmiDate","No",1
"Java",2016-03-28,2018-07-20,"CR","Natal_NoDOB_Disappeared","Yes",1
"Jeddah",2014-10-27,2017-03-08,"NH","Natal_DOB_Disappeared","Yes",1
"Jelly",2017-10-19,2018-02-21,"LT","Natal_DOB_Emi","Yes",1
"Jelly",2018-02-21,2018-03-03,"LTsplit","Immigrants1_NoImmiDate_Natal","No",2
"Jenny",2011-11-16,2018-02-20,"LT","Natal_NoDOB_Emi","Yes",1
"Jenny",2018-02-20,2018-03-03,"LTSplit","Immigrants1_NoImmiDate_Natal","No",2
"Jersey",2017-10-26,2018-07-20,"CR","Natal_NoDOB_Disappeared","Yes",1
"Jiamusi",2015-11-09,2016-04-13,"NH","Natal_DOB_Emi","Yes",1
"Jiamusi",2016-04-13,2016-07-12,"Iceland","Immigrants1_NoImmiDate_Natal","No",2
"Jillin",2012-10-15,2016-04-19,"NH","Natal_DOB_Emi","Yes",1
"Jillin",2016-04-19,2016-07-12,"Iceland","Immigrants1_NoImmiDate_Natal","No",2
"Jimmyhendricks",2010-12-24,2011-11-25,"RC","Immigrants1_NoImmiDate_NonNatal","No",1
"Jinka",2010-11-22,2016-04-13,"NH","Natal_DOB_Emi","Yes",1
"Jinka",2016-04-13,2016-07-12,"Iceland","Immigrants1_NoImmiDate_Natal","No",2
"Jixi",2013-10-31,2018-05-30,"NH","Natal_DOB_Disappeared","Yes",1
"Joe",2013-12-01,2018-12-07,"LT","Natal_DOB_Disappeared","Yes",1
"Johannesburg",2015-10-30,2016-04-13,"NH","Natal_DOB_Emi","Yes",1
"Johannesburg",2016-04-13,2016-06-25,"Iceland","Immigrants1_NoImmiDate_Natal","No",2
"Juneau",2011-11-20,2016-04-12,"NH","Natal_DOB_Emi","Yes",1
"Juneau",2016-04-14,2016-10-25,"Ifamily","Immigrants1_ImmiDate","No",2
"Kaiki",2010-11-09,2012-11-15,"BD","Natal_NoDOB_Emi","Yes",1
"Kaiki",2012-11-15,2014-08-30,"InBetweeners","Immigrants1_NoImmiDate_Natal","No",2
"Kangaroo",2014-10-28,2017-01-04,"CR","Natal_DOB_Disappeared","Yes",1
"Karenzoid",2010-12-24,2010-12-24,"RC","Natal_NoDOB_Disappeared","Yes",1
"Kate",2015-12-09,2018-02-21,"LT","Natal_DOB_Disappeared","Yes",1
"Kauai",2015-11-28,2017-01-04,"CR","Immigrants1_ImmiDate","No",1
"Kauai",2017-05-15,2018-03-02,"BD","Immigrants2_ImmiDate_ToAdd","No",2
"Kaya",2013-02-07,2018-02-21,"LT","Natal_NoDOB_Emi","Yes",1
"Kaya",2018-02-21,2018-03-03,"LTsplit","Immigrants1_ImmiDate","No",2
"Kekeke",2019-05-31,2020-04-18,"AK","Immigrants1_ImmiDate","No",1
"Kekeke",2020-05-09,2020-11-12,"NH","Immigrants2_ImmiDate_ToAdd","No",2
"Kenneth",2014-08-15,2015-11-18,"LT","Natal_NoDOB_Disappeared","Yes",1
"Kergelen",2014-12-30,2015-05-26,"CR","Immigrants1_ImmiDate","No",1
"Kies",2010-11-23,2015-07-17,"BD","Natal_DOB_Emi","Yes",1
"Kies",2015-07-20,2015-12-24,"AK","Immigrants1_ImmiDate","No",2
"Kilimanjaro",2015-11-14,2015-12-15,"RL","Natal_NoDOB_Disappeared","Yes",1
"Kodiak",2018-04-12,2022-11-17,"CR","Natal_NoDOB_NonMigrant_Alive","Yes",1
"Kommunis",2019-10-09,2019-10-09,"AK","Immigrants1_ImmiDate","No",1
"Kommunis",2019-11-12,2022-12-14,"BD","Immigrants2_ImmiDate_ToAdd","No",2
"Kommunis",2022-01-20,2022-11-17,"BD","Immigrants3_ImmiDate","No",3
"Koninging",2011-12-09,2013-01-07,"BD","Natal_NoDOB_Emi","Yes",1
"Koninging",2013-01-07,2014-08-30,"InBetweeners","Immigrants1_NoImmiDate_Natal","No",2
"Kookoolegit",2018-04-12,2018-07-18,"CR","Natal_NoDOB_Disappeared","Yes",1
"Krakatoa",2014-10-28,2017-01-12,"CR","Natal_NoDOB_Splinter","Yes",1
"Kyle",2014-11-24,2018-02-21,"LT","Natal_DOB_Disappeared","Yes",1
"Laila",2018-06-11,2022-11-17,"LT","Natal_NoDOB_NonMigrant_Alive","Yes",1
"Lampshade",2019-11-07,2020-04-10,"LT","Natal_DOB_Disappeared","Yes",1
"Lancey",2014-10-29,2022-11-17,"LT","Natal_DOB_NonMigrant_Alive","Yes",1
"Larry",2018-12-15,2020-07-18,"LT","Natal_DOB_Disappeared","Yes",1
"Laurel",2012-11-12,2020-03-03,"LT","Natal_NoDOB_Disappeared","Yes",1
"Lausanne",2011-03-05,2014-01-21,"NH","Natal_NoDOB_Disappeared","Yes",1
"Lavander",2017-10-11,2019-09-27,"LT","Natal_DOB_Disappeared","Yes",1
"Lawrence",2015-11-17,2016-04-12,"LT","Natal_DOB_Disappeared","Yes",1
"Lefty",2013-12-01,2017-01-16,"LT","Natal_DOB_Disappeared","Yes",1
"Lekker",2010-11-09,2012-04-23,"BD","Immigrants1_ImmiDate","No",1
"Lekker",2012-04-28,2012-05-18,"NH","Immigrants2_ImmiDate_ToAdd","No",2
"Lekker",2012-05-19,2015-02-12,"BD","Immigrants3_ImmiDate","No",3
"Lennon",2012-09-19,2018-02-10,"LT","Natal_DOB_Disappeared","Yes",1
"Lewe",2018-10-26,2022-11-17,"BD","Natal_DOB_NonMigrant_Alive","Yes",1
"Lhassa",2011-12-16,2016-04-04,"NH","Natal_NoDOB_Emi","Yes",1
"Lhassa",2016-04-04,2016-06-25,"Iceland","Immigrants1_NoImmiDate_Natal","No",2
"Liam",2013-11-01,2018-12-07,"LT","Natal_DOB_Disappeared","Yes",1
"Liffey",2015-04-28,2021-05-31,"KB","Immigrants1_ImmiDate","No",1
"Liffey",2021-06-01,2022-09-12,"NH","Immigrants2_ImmiDate_ToAdd","No",2
"Light",2020-10-29,2022-11-17,"LT","Natal_DOB_NonMigrant_Alive","Yes",1
"Lilly",2015-10-16,2022-11-17,"LT","Natal_DOB_NonMigrant_Alive","Yes",1
"Lima",2014-11-04,NA,"NH","Natal_DOB_Splinter","Yes",1
"Lionel",2014-12-31,2018-04-07,"CR","Natal_NoDOB_Disappeared","Yes",1
"Lipsy",2019-06-01,2020-08-17,"NH","Immigrants1_ImmiDate","No",1
"Littleballs",2010-12-13,2010-12-13,"RC","Immigrants1_NoImmiDate_NonNatal","No",1
"Littleblind",2011-03-24,2021-03-12,"BD","Natal_NoDOB_Disappeared","Yes",1
"Littlenapoli",2010-12-04,2010-12-13,"RC","Immigrants1_NoImmiDate_NonNatal","No",1
"Littleskollie",2010-11-09,2014-05-15,"BD","Natal_NoDOB_Emi","Yes",1
"Littleskollie",2014-05-19,2015-06-16,"NH","Immigrants1_ImmiDate","No",2
"Littlez",2013-02-08,2013-09-20,"KB","Natal_NoDOB_Disappeared","Yes",1
"Lizz",2011-01-28,2022-11-17,"LT","Natal_NoDOB_NonMigrant_Alive","Yes",1
"Lohihi",2015-01-10,2018-07-18,"CR","Natal_NoDOB_Disappeared","Yes",1
"Loki",2020-12-07,2022-11-17,"LT","Natal_DOB_NonMigrant_Alive","Yes",1
"Lola",2021-12-03,2022-11-17,"LT","Natal_DOB_NonMigrant_Alive","Yes",1
"Lome",2011-10-27,2016-05-31,"NH","Natal_DOB_Emi","Yes",1
"Lome",2016-07-14,2016-07-14,"5males","Immigrants1_ImmiDate","No",2
"Louise",2016-11-09,2022-11-17,"LT","Natal_DOB_NonMigrant_Alive","Yes",1
"Luan",2016-12-19,2017-01-16,"LT","Natal_DOB_Disappeared","Yes",1
"Lucifer",2021-12-11,2022-11-17,"LT","Natal_DOB_NonMigrant_Alive","Yes",1
"Lugano",2020-12-21,2021-02-18,"NH","Natal_DOB_Disappeared","Yes",1
"Macedonia",2014-12-31,2016-05-20,"CR","Immigrants1_ImmiDate","No",1
"Mackanzie",2014-12-31,2022-11-17,"CR","Natal_NoDOB_NonMigrant_Alive","Yes",1
"Madagascar",2014-09-01,2017-03-07,"BD","Immigrants2_ImmiDate_ToAdd","No",2
"Malawi",2014-12-14,2019-05-17,"KB","Natal_DOB_Disappeared","Yes",1
"Mamoobi",2011-01-18,2019-04-30,"AK","Natal_NoDOB_Disappeared","Yes",1
"Manhattan",2016-02-11,2017-01-21,"CR","Natal_NoDOB_Disappeared","Yes",1
"Mara",2013-05-06,2022-11-17,"KB","Natal_NoDOB_NonMigrant_Alive","Yes",1
"Margarita",2017-10-25,2017-11-17,"CR","Natal_NoDOB_Disappeared","Yes",1
"Martinique",2015-10-07,2015-10-07,"CR","Natal_NoDOB_Disappeared","Yes",1
"Mass",2018-11-12,2022-11-17,"KB","Natal_DOB_NonMigrant_Alive","Yes",1
"Mathimula",2014-10-21,2020-02-17,"AK","Natal_DOB_Emi","Yes",1
"Mathimula",2020-02-17,2021-01-30,"BD","Immigrants1_ImmiDate","No",2
"Mathimula",2021-02-24,2021-10-29,"BD","Immigrants2_ImmiDate_ToAdd","No",3
"Mbazwane",2013-11-15,2016-01-16,"AK","Natal_DOB_Emi","Yes",1
"Mbazwane",2016-01-16,2016-01-16,"Ifamily","Immigrants1_NoImmiDate_Natal","No",2
"Mbila",2018-11-05,2019-12-16,"AK","Natal_DOB_Disappeared","Yes",1
"Medjerda",2012-05-09,2013-06-19,"KB","Immigrants1_NoImmiDate_NonNatal","No",1
"Medjerda",2014-02-20,2015-12-15,"KB","Immigrants2_ImmiDate_ToAdd","No",2
"Medusa",2022-06-28,2022-11-17,"IF","Natal_NoDOB_NonMigrant_Alive","Yes",1
"Meerkat",2014-10-27,2016-11-24,"BD","Natal_DOB_Disappeared","Yes",1
"Mercury",2012-12-01,NA,"LT","Natal_DOB_Splinter","Yes",1
"Merlin",2011-08-03,2014-12-11,"LT","Natal_NoDOB_Disappeared","Yes",1
"Mevrou",2012-10-29,2016-06-07,"BD","Natal_DOB_Disappeared","Yes",1
"Mfolozi",2010-12-12,2012-05-02,"AK","Natal_NoDOB_Emi","Yes",1
"Mfolozi",2012-05-16,2014-10-21,"LT","Immigrants1_ImmiDate","No",2
"Mhaori",2016-11-17,2019-12-30,"KB","Natal_DOB_Disappeared","Yes",1
"Michaeljackson",2010-12-08,2010-12-11,"RC","Immigrants1_NoImmiDate_NonNatal","No",1
"Middag",2015-11-09,2016-01-20,"BD","Natal_DOB_Disappeared","Yes",1
"Mielies",2010-11-16,2022-11-17,"BD","Natal_NoDOB_NonMigrant_Alive","Yes",1
"Milano",2010-11-08,2011-03-30,"NH","Immigrants1_ImmiDate","No",1
"Milano",2011-10-20,2013-09-30,"NH","Immigrants2_ImmiDate_ToAdd","No",2
"Milano",2014-04-28,2015-05-02,"BD","Immigrants3_ImmiDate","No",3
"Mimiek",2018-10-26,2020-08-19,"BD","Natal_DOB_Disappeared","Yes",1
"Minimj",2010-12-13,2011-11-01,"RC","Natal_NoDOB_Disappeared","Yes",1
"Miskien",2021-11-19,2022-11-17,"BD","Natal_DOB_NonMigrant_Alive","Yes",1
"Mississipi",2013-11-27,2018-06-16,"KB","Natal_DOB_Disappeared","Yes",1
"Mnandi",2012-01-28,2015-01-14,"AK","Natal_NoDOB_Emi","Yes",1
"Mnandi",2015-01-19,2018-06-07,"LT","Immigrants1_ImmiDate","No",2
"Modjadji",2011-10-31,2012-11-26,"AK","Natal_DOB_Disappeared","Yes",1
"Moesa",2020-11-24,2022-11-17,"KB","Natal_DOB_NonMigrant_Alive","Yes",1
"Mokcha",2017-10-13,2021-09-04,"KB","Natal_DOB_Disappeared","Yes",1
"Momo",2021-06-04,2022-11-17,"LT","Immigrants1_ImmiDate","No",1
"Montreal",2021-10-25,2022-11-17,"CR","Natal_NoDOB_NonMigrant_Alive","Yes",1
"Mooi",2010-11-09,2015-05-26,"BD","Natal_NoDOB_Disappeared","Yes",1
"Moonie",2014-02-28,2015-02-13,"KB","Natal_NoDOB_Disappeared","Yes",1
"Mousse",2011-08-03,2014-06-03,"LT","Natal_NoDOB_Disappeared","Yes",1
"Moya",2017-10-26,2019-11-16,"AK","Natal_DOB_Disappeared","Yes",1
"Mpukuvane",2012-05-14,2013-05-16,"AK","Natal_NoDOB_Disappeared","Yes",1
"Muis",2020-11-25,2022-11-17,"BD","Natal_DOB_NonMigrant_Alive","Yes",1
"Mungunya",2012-10-15,2016-01-09,"AK","Natal_DOB_Disappeared","Yes",1
"Mvula",2010-11-02,2015-06-13,"AK","Natal_DOB_Emi","Yes",1
"Mvula",2015-06-13,2016-12-17,"BD","Immigrants1_ImmiDate","No",2
"Mvula",2016-12-29,2018-02-23,"CR","Immigrants2_ImmiDate_ToAdd","No",3
"Naaldekoker",2018-10-26,2022-11-17,"BD","Natal_DOB_NonMigrant_Alive","Yes",1
"Naartjie",2020-12-21,2021-12-12,"BD","Natal_DOB_Disappeared","Yes",1
"Nahoon",2016-11-14,2019-05-30,"KB","Natal_DOB_Disappeared","Yes",1
"Nakhu",2017-10-31,2022-05-05,"AK","Natal_DOB_Emi","Yes",1
"Nakhu",2022-05-06,2022-11-17,"BD","Immigrants1_ImmiDate","No",2
"Nala",2012-04-18,2015-07-04,"LT","Natal_NoDOB_Disappeared","Yes",1
"Namnam",2011-04-07,2013-08-22,"BD","Natal_NoDOB_Disappeared","Yes",1
"Nantucket",2017-11-02,2018-07-18,"CR","Natal_NoDOB_Disappeared","Yes",1
"Napoli",2010-11-08,2011-01-24,"NH","Immigrants1_ImmiDate","No",1
"Ncoko",2018-11-02,2022-11-17,"AK","Natal_DOB_NonMigrant_Alive","Yes",1
"Ndanda",2018-11-03,2022-11-17,"AK","Natal_DOB_NonMigrant_Alive","Yes",1
"Ndawonya",2016-02-08,2022-11-17,"AK","Natal_DOB_NonMigrant_Alive","Yes",1
"Ndiki",2017-10-16,2021-04-20,"AK","Natal_DOB_Disappeared","Yes",1
"Ndiza",2014-11-01,2020-03-05,"AK","Natal_DOB_Disappeared","Yes",1
"Ndlovu",2021-11-02,2022-11-17,"AK","Natal_DOB_NonMigrant_Alive","Yes",1
"Ndondo",2021-01-04,2021-11-27,"AK","Natal_DOB_Disappeared","Yes",1
"Ndonsa",2012-11-02,2022-11-17,"AK","Natal_NoDOB_NonMigrant_Alive","Yes",1
"Ndumiso",2020-11-16,2022-11-17,"AK","Natal_DOB_NonMigrant_Alive","Yes",1
"Nelson",2022-03-17,2022-11-17,"LT","Immigrants1_ImmiDate","No",1
"Nessie",2012-08-01,2020-09-23,"KB","Natal_NoDOB_Disappeared","Yes",1
"Neuchatel",2011-12-16,2014-05-08,"NH","Natal_NoDOB_Emi","Yes",1
"Neuchatel",2014-06-09,2020-12-14,"BD","Immigrants1_ImmiDate","No",2
"Newmale",2017-06-22,2017-07-07,"LT","Immigrants1_ImmiDate","No",1
"Newmale3",2022-06-16,2022-11-17,"NH","Immigrants1_ImmiDate","No",1
"Newton",2011-07-09,2014-01-25,"LT","Immigrants1_ImmiDate","No",1
"Ngenakubo",2016-11-18,2021-11-12,"AK","Natal_DOB_Emi","Yes",1
"Ngenakubo",2022-02-07,2022-11-17,"BD","Immigrants1_ImmiDate","No",2
"Ngubu",2011-11-26,2013-07-06,"AK","Natal_DOB_Disappeared","Yes",1
"Niese",2010-10-31,2014-12-14,"BD","Natal_DOB_Disappeared","Yes",1
"Nihau",2017-11-06,2022-11-17,"CR","Natal_NoDOB_NonMigrant_Alive","Yes",1
"Nihiru",2021-11-09,2022-11-17,"CR","Natal_NoDOB_NonMigrant_Alive","Yes",1
"Nil",2011-11-05,2014-11-17,"KB","Immigrants1_ImmiDate","No",1
"Nirtjies",2015-11-06,2016-01-25,"BD","Natal_DOB_Disappeared","Yes",1
"Nkomo",2021-11-04,2022-11-17,"AK","Natal_DOB_NonMigrant_Alive","Yes",1
"Nkosikasi",2010-11-11,2022-11-17,"AK","Natal_NoDOB_NonMigrant_Alive","Yes",1
"Nkunzi",2020-11-19,2022-01-13,"AK","Natal_DOB_Disappeared","Yes",1
"Noah",2013-02-09,2018-02-20,"LT","Natal_NoDOB_Emi","Yes",1
"Noah",2018-02-20,2018-02-20,"LTsplit","Immigrants1_NoImmiDate_Natal","No",2
"Noktober",2011-10-26,2016-06-11,"BD","Natal_DOB_Emi","Yes",1
"Noktober",2016-06-15,2017-01-04,"CR","Immigrants1_ImmiDate","No",2
"Nonnitgie",2018-11-22,2022-11-17,"BD","Natal_DOB_NonMigrant_Alive","Yes",1
"Nooiens",2014-11-28,2022-11-17,"BD","Natal_DOB_NonMigrant_Alive","Yes",1
"Nooit",2021-11-09,2022-02-16,"BD","Natal_DOB_Disappeared","Yes",1
"Nora",2021-07-28,2022-11-17,"CR","Natal_NoDOB_NonMigrant_Alive","Yes",1
"Nuclides",2019-11-04,2021-06-30,"BD","Natal_DOB_Disappeared","Yes",1
"Nugget",2021-10-26,2021-05-27,"KB","Natal_DOB_Disappeared","Yes",1
"Nukke",2021-10-18,2022-11-17,"BD","Natal_DOB_NonMigrant_Alive","Yes",1
"Nul",2021-10-06,2022-03-22,"BD","Natal_DOB_Disappeared","Yes",1
"Numbies",2010-11-09,2022-11-17,"BD","Natal_NoDOB_NonMigrant_Alive","Yes",1
"Nurks",2012-10-01,2022-11-17,"BD","Natal_DOB_NonMigrant_Alive","Yes",1
"Nuuskierig",2017-10-16,2022-11-17,"BD","Natal_DOB_NonMigrant_Alive","Yes",1
"Nyala",2021-11-05,2021-12-06,"AK","Natal_DOB_Disappeared","Yes",1
"Nyanga",2014-10-31,2021-12-04,"AK","Natal_DOB_Disappeared","Yes",1
"Nyoni",2012-10-22,2017-05-16,"AK","Natal_DOB_Emi","Yes",1
"Nyoni",2017-05-16,2018-11-19,"BD","Immigrants1_ImmiDate","No",2
"Oahu",2015-01-12,2018-07-18,"CR","Natal_NoDOB_Disappeared","Yes",1
"Obelisk",2014-11-15,2019-06-13,"BD","Natal_DOB_Emi","Yes",1
"Obelisk",2020-08-06,2022-02-22,"CR","Immigrants1_ImmiDate","No",2
"Obsessie",2017-10-24,2022-11-17,"BD","Natal_DOB_NonMigrant_Alive","Yes",1
"Oerwoud",2018-11-09,2022-11-17,"BD","Natal_DOB_NonMigrant_Alive","Yes",1
"Ogies",2011-11-02,2016-06-03,"BD","Natal_DOB_Emi","Yes",1
"Ogies",2016-06-10,2018-07-20,"CR","Immigrants1_ImmiDate","No",2
"Okavango",2015-05-04,2015-10-29,"KB","Immigrants1_ImmiDate","No",1
"Okefenokee",2021-05-31,2022-11-17,"KB","Immigrants1_ImmiDate","No",1
"Okuncane",2011-01-18,2013-02-15,"AK","Natal_NoDOB_Emi","Yes",1
"Okuncane",2013-02-19,2014-09-08,"BD","Immigrants1_ImmiDate","No",2
"Oliver",2009-12-01,2014-06-03,"LT","Natal_DOB_Disappeared","Yes",1
"Olona",2015-04-03,2015-05-25,"KB","Immigrants1_ImmiDate","No",1
"Omelet",2021-11-04,2022-11-17,"BD","Natal_DOB_NonMigrant_Alive","Yes",1
"Onbeskof",2012-10-19,2016-03-11,"BD","Natal_DOB_Disappeared","Yes",1
"Oom",2010-12-24,2012-11-19,"BD","Immigrants1_ImmiDate","No",1
"Oortjies",2015-11-20,2022-11-17,"BD","Natal_DOB_NonMigrant_Alive","Yes",1
"Oscar",2018-06-07,2019-02-06,"LT","Immigrants1_ImmiDate","No",1
"Ouagadougou",2019-06-03,2020-11-30,"NH","Immigrants1_ImmiDate","No",1
"Oulik",2010-11-09,2022-11-17,"BD","Natal_NoDOB_NonMigrant_Alive","Yes",1
"Ouma",2020-11-18,2021-12-08,"BD","Natal_DOB_Disappeared","Yes",1
"Oupa",2020-11-13,2022-11-17,"BD","Natal_DOB_NonMigrant_Alive","Yes",1
"Padkos",2021-10-27,2022-05-06,"BD","Natal_DOB_Disappeared","Yes",1
"Pale",2014-12-30,2016-12-01,"CR","Natal_NoDOB_Emi","Yes",1
"Pale",2016-12-07,2022-03-01,"BD","Immigrants1_ImmiDate","No",2
"Palmela",2020-12-17,2022-11-17,"NH","Natal_DOB_NonMigrant_Alive","Yes",1
"Pandora",2022-06-28,2022-11-17,"IF","Natal_NoDOB_NonMigrant_Alive","Yes",1
"Pannekoekie",2010-12-01,2022-11-17,"BD","Natal_NoDOB_NonMigrant_Alive","Yes",1
"Papp",2020-11-04,2022-11-17,"BD","Natal_DOB_NonMigrant_Alive","Yes",1
"Papsak",2015-11-12,2015-12-29,"BD","Natal_DOB_Disappeared","Yes",1
"Paris",2010-11-08,2015-08-18,"NH","Natal_NoDOB_Disappeared","Yes",1
"Patlansky",2010-12-28,2011-11-25,"RC","Immigrants1_NoImmiDate_NonNatal","No",1
"Pearl",2013-04-24,2015-12-15,"KB","Natal_NoDOB_Emi","Yes",1
"Pearl",2015-12-15,2015-12-15,"KBSplit","Immigrants1_NoImmiDate_Natal","No",2
"Pianosa",2015-09-26,2016-07-15,"CR","Immigrants1_ImmiDate","No",1
"Pieperig",2013-01-18,2022-11-17,"BD","Natal_NoDOB_NonMigrant_Alive","Yes",1
"Piesang",2021-10-18,2022-11-17,"BD","Natal_DOB_NonMigrant_Alive","Yes",1
"Pik",2010-11-09,2012-09-21,"BD","Immigrants1_ImmiDate","No",1
"Pikito",2012-05-09,2014-01-28,"KB","Natal_NoDOB_Disappeared","Yes",1
"Pink",2010-12-13,2011-11-25,"RC","Natal_NoDOB_Disappeared","Yes",1
"Pixsel",2018-12-20,2022-11-17,"BD","Natal_DOB_NonMigrant_Alive","Yes",1
"Pizza",2014-12-30,2017-04-11,"CR","Natal_NoDOB_Disappeared","Yes",1
"Plainjane",2021-06-14,2022-11-17,"CR","Natal_NoDOB_NonMigrant_Alive","Yes",1
"Plesier",2014-10-20,2016-02-27,"BD","Natal_DOB_Disappeared","Yes",1
"Poeding",2011-11-11,2016-06-11,"BD","Natal_DOB_Emi","Yes",1
"Poeding",2016-06-15,2018-07-20,"CR","Immigrants1_ImmiDate","No",2
"Pofferthie",2018-10-26,2019-12-04,"BD","Natal_DOB_Disappeared","Yes",1
"Pointy",2015-01-12,2017-04-26,"CR","Natal_NoDOB_Disappeared","Yes",1
"Pointyears",2021-06-01,2022-11-17,"CR","Natal_NoDOB_NonMigrant_Alive","Yes",1
"Pomelo",2017-10-19,2022-11-17,"BD","Natal_DOB_NonMigrant_Alive","Yes",1
"Pompon",2010-10-26,2011-11-01,"RC","Natal_NoDOB_Disappeared","Yes",1
"Poppie",2020-11-12,2022-11-17,"BD","Natal_DOB_NonMigrant_Alive","Yes",1
"Potjie",2013-11-23,2022-04-21,"BD","Natal_DOB_Disappeared","Yes",1
"Praia",2013-11-19,2022-11-17,"NH","Natal_DOB_NonMigrant_Alive","Yes",1
"Pratella",2018-11-17,2022-11-17,"NH","Natal_DOB_NonMigrant_Alive","Yes",1
"Pretoria",2011-12-16,2022-11-17,"NH","Natal_NoDOB_NonMigrant_Alive","Yes",1
"Primavera",2021-10-28,2022-11-17,"NH","Natal_DOB_NonMigrant_Alive","Yes",1
"Prinses",2010-11-09,2017-05-18,"BD","Natal_NoDOB_Disappeared","Yes",1
"Propriano",2014-11-19,2019-06-01,"NH","Natal_DOB_Emi","Yes",1
"Propriano",2019-07-13,2022-04-16,"BD","Immigrants1_ImmiDate","No",2
"Propriano",2022-05-03,2022-11-17,"CR","Immigrants2_ImmiDate_ToAdd","No",3
"Pruszkow",2015-11-23,2020-11-30,"NH","Natal_DOB_Emi","Yes",1
"Pruszkow",2020-12-09,2020-12-22,"IFamily","Immigrants1_ImmiDate","No",2
"Pruszkow",2022-05-18,2022-11-17,"KB","Immigrants2_ImmiDate_ToAdd","No",3
"Puerto",2011-12-27,2016-06-21,"NH","Natal_DOB_Emi","Yes",1
"Puerto",2016-07-14,2016-07-14,"5males","Immigrants1_ImmiDate","No",2
"Puntag",2018-03-02,2018-07-24,"BD","Immigrants1_ImmiDate","No",1
"Puolka",2015-12-28,2022-11-17,"BD","Natal_DOB_NonMigrant_Alive","Yes",1
"Purper",2021-11-05,2022-02-16,"BD","Natal_DOB_Disappeared","Yes",1
"Puymerl",2018-11-07,2019-07-29,"NH","Natal_DOB_Disappeared","Yes",1
"Pyeongchang",2017-10-23,2020-02-24,"NH","Natal_DOB_Disappeared","Yes",1
"Queen",2011-01-19,2011-01-19,"RC","Natal_NoDOB_Disappeared","Yes",1
"Quito",2010-12-15,2011-11-19,"NH","Natal_NoDOB_Emi","Yes",1
"Quito",2011-11-19,2015-11-12,"LT","Immigrants1_ImmiDate","No",2
"Quito",2012-05-08,2013-10-28,"AK","Immigrants2_ImmiDate_ToAdd","No",3
"Quito",2014-02-25,2015-11-12,"LT","Immigrants3_ImmiDate","No",4
"Rabat",2016-11-23,2022-11-17,"NH","Natal_DOB_NonMigrant_Alive","Yes",1
"Radja",2010-12-13,2011-11-25,"RC","Natal_NoDOB_Disappeared","Yes",1
"Rafaela",2021-11-02,2022-11-17,"NH","Natal_DOB_NonMigrant_Alive","Yes",1
"Rakker",2012-11-16,2018-05-08,"BD","Natal_DOB_Disappeared","Yes",1
"Rambouillet",2018-11-09,2022-11-17,"NH","Natal_DOB_NonMigrant_Alive","Yes",1
"Raspberry",2015-11-13,2017-01-12,"CR","Natal_NoDOB_Splinter","Yes",1
"Ratel",2015-11-30,2021-04-29,"BD","Natal_DOB_Emi","Yes",1
"Ratel",2021-05-21,2021-12-18,"LT","Immigrants1_ImmiDate","No",2
"Ratel",2022-03-17,2022-11-17,"LT","Immigrants2_ImmiDate_ToAdd","No",3
"Redelik",2014-11-10,2022-11-17,"BD","Natal_DOB_NonMigrant_Alive","Yes",1
"Reenboog",2018-12-12,2022-11-17,"BD","Natal_DOB_NonMigrant_Alive","Yes",1
"Reenval",2020-11-24,2022-11-17,"BD","Natal_DOB_NonMigrant_Alive","Yes",1
"Regina",2018-11-15,2022-11-17,"NH","Natal_DOB_NonMigrant_Alive","Yes",1
"Reindeer",2016-11-01,2017-02-12,"CR","Natal_NoDOB_Emi","Yes",1
"Reindeer",2017-02-12,2017-04-10,"SplitCR","Immigrants1_ImmiDate","No",2
"Renee",2016-11-01,2018-08-14,"LT","Natal_DOB_Emi","Yes",1
"Renee",2018-08-14,2019-08-21,"LTsplit","Immigrants1_NoImmiDate_Natal","No",2
"Rennes",2013-11-15,NA,"NH","Natal_DOB_Splinter","Yes",1
"Reno",2019-11-12,2022-11-17,"NH","Natal_DOB_NonMigrant_Alive","Yes",1
"Renoster",2021-11-15,2022-11-17,"BD","Natal_DOB_NonMigrant_Alive","Yes",1
"Reva",2011-11-21,NA,"NH","Natal_DOB_Splinter","Yes",1
"Revdanda",2017-11-16,2019-01-28,"NH","Natal_DOB_Disappeared","Yes",1
"Reykjavik",2015-11-23,2020-11-30,"NH","Natal_DOB_Emi","Yes",1
"Reykjavik",2020-12-09,2022-05-22,"IFamily","Immigrants1_ImmiDate","No",2
"Rheban",2012-10-27,2017-12-05,"NH","Natal_DOB_Emi","Yes",1
"Rheban",2017-12-05,2021-09-27,"BD","Immigrants1_ImmiDate","No",2
"Richard",2015-11-12,2016-09-27,"LT","Natal_DOB_Disappeared","Yes",1
"Ridder",2018-11-14,2022-11-17,"BD","Natal_DOB_NonMigrant_Alive","Yes",1
"Rimini",2021-01-11,2022-11-17,"NH","Natal_DOB_NonMigrant_Alive","Yes",1
"Rimpel",2021-11-18,2022-11-17,"BD","Natal_DOB_NonMigrant_Alive","Yes",1
"Rio",2011-12-16,2015-11-30,"NH","Natal_NoDOB_Disappeared","Yes",1
"Rioja",2017-11-03,2022-11-17,"NH","Natal_DOB_NonMigrant_Alive","Yes",1
"Rissiepit",2011-04-26,2022-11-17,"BD","Natal_NoDOB_NonMigrant_Alive","Yes",1
"Rivas",2021-11-08,2022-11-17,"NH","Natal_DOB_NonMigrant_Alive","Yes",1
"Riversdale",2020-11-16,2021-02-20,"NH","Natal_DOB_Disappeared","Yes",1
"Rivier",2020-11-24,2022-11-17,"BD","Natal_DOB_NonMigrant_Alive","Yes",1
"Riyadh",2014-11-04,2015-12-15,"NH","Natal_DOB_Disappeared","Yes",1
"Robben",2015-09-29,2016-01-22,"CR","Natal_NoDOB_Disappeared","Yes",1
"Robin",2016-10-20,2021-04-17,"LT","Natal_DOB_Disappeared","Yes",1
"Rochdale",2018-11-01,2022-11-17,"NH","Natal_DOB_NonMigrant_Alive","Yes",1
"Rocky",2017-10-09,2018-02-21,"LT","Natal_DOB_Emi","Yes",1
"Rocky",2018-02-21,2018-03-03,"LTsplit","Immigrants1_ImmiDate","No",2
"Roeslare",2020-11-19,2021-02-09,"NH","Natal_DOB_Disappeared","Yes",1
"Roma",2010-11-08,2021-02-17,"NH","Natal_NoDOB_Disappeared","Yes",1
"Rooikat",2011-12-05,2017-04-27,"BD","Natal_DOB_Emi","Yes",1
"Rooikat",2017-05-10,2018-07-20,"CR","Immigrants1_ImmiDate","No",2
"Rosemary",2011-12-01,2018-02-21,"LT","Natal_DOB_Emi","Yes",1
"Rosemary",2018-02-21,2018-03-03,"LTsplit","Immigrants1_NoImmiDate_Natal","No",2
"Roslin",2015-11-23,NA,"NH","Natal_DOB_Splinter","Yes",1
"Roxanne",2014-10-30,2018-02-21,"LT","Natal_DOB_Emi","Yes",1
"Roxanne",2018-02-21,2018-03-03,"LTsplit","Immigrants1_NoImmiDate_Natal","No",2
"Ruby",2012-11-08,2018-02-21,"LT","Natal_NoDOB_Emi","Yes",1
"Ruby",2018-02-21,2018-03-03,"LTSplit","Immigrants1_ImmiDate","No",2
"Rupert",2014-10-18,2018-02-21,"LT","Natal_DOB_Emi","Yes",1
"Rupert",2018-02-21,2018-03-03,"LTsplit","Immigrants1_NoImmiDate_Natal","No",2
"Rusk",2011-06-06,2013-12-16,"BD","Immigrants1_ImmiDate","No",1
"Rustig",2017-10-21,2018-05-28,"BD","Natal_DOB_Disappeared","Yes",1
"Ryan",2022-06-06,2022-11-17,"LT","Immigrants1_ImmiDate","No",1
"Safari",2014-11-03,2017-04-28,"BD","Natal_DOB_Disappeared","Yes",1
"Samoa",2014-12-31,2018-07-18,"CR","Natal_NoDOB_Disappeared","Yes",1
"Sampion",2021-11-22,2022-03-19,"BD","Natal_DOB_Disappeared","Yes",1
"Sari",2017-09-30,2022-11-17,"BD","Natal_DOB_NonMigrant_Alive","Yes",1
"Schnauzli",2016-02-11,2018-04-07,"CR","Natal_NoDOB_Disappeared","Yes",1
"Selenge",2012-08-10,2013-04-03,"KB","Immigrants1_NoImmiDate_NonNatal","No",1
"Sf1",2011-09-29,2011-10-26,"RC","Natal_NoDOB_Disappeared","Yes",1
"Shakespeare",2012-06-08,2015-02-23,"LT","Immigrants1_ImmiDate","No",1
"Shitface",2011-12-01,2017-01-24,"LT","Natal_DOB_Disappeared","Yes",1
"Shongololo",2020-10-13,2022-11-17,"AK","Immigrants1_ImmiDate","No",1
"Siele",2012-10-01,2022-04-13,"BD","Natal_DOB_Disappeared","Yes",1
"Sigaret",2018-11-09,2022-11-17,"BD","Natal_DOB_NonMigrant_Alive","Yes",1
"Sion",2021-01-15,2021-12-22,"NH","Immigrants1_ImmiDate","No",1
"Sirkus",2017-10-21,2022-11-17,"BD","Natal_DOB_NonMigrant_Alive","Yes",1
"Sitrus",2021-11-18,2022-11-17,"BD","Natal_DOB_NonMigrant_Alive","Yes",1
"Skemer",2018-11-01,2022-11-17,"BD","Natal_DOB_NonMigrant_Alive","Yes",1
"Skhumbuzo",2021-06-15,2021-06-19,NA,"Immigrants1_NoImmiDate_NonNatal","No",1
"Skin",2010-12-13,2010-12-13,"RC","Natal_NoDOB_Disappeared","Yes",1
"Skollie",2010-11-09,2010-12-07,"BD","Immigrants1_ImmiDate","No",1
"Slang",2021-11-09,2022-04-27,"BD","Natal_DOB_Disappeared","Yes",1
"Smashy",2015-06-16,2018-04-07,"CR","Natal_NoDOB_Disappeared","Yes",1
"Snorretjie",2011-04-19,2019-11-07,"BD","Natal_NoDOB_Disappeared","Yes",1
"Solomon",2014-12-30,2017-01-28,"CR","Immigrants1_ImmiDate","No",1
"Spampounkoeki",2018-11-01,2019-12-03,"BD","Natal_DOB_Disappeared","Yes",1
"Spanspek",2020-11-24,2021-05-18,"BD","Natal_DOB_Disappeared","Yes",1
"Spek",2021-11-13,2022-11-17,"BD","Natal_DOB_NonMigrant_Alive","Yes",1
"Spook",2011-10-18,2016-06-16,"BD","Natal_NoDOB_Emi","Yes",1
"Spook",2016-06-23,2018-04-07,"CR","Immigrants1_ImmiDate","No",2
"Spotted",2011-09-29,2011-11-25,"RC","Natal_NoDOB_Disappeared","Yes",1
"Styx",2012-04-14,2014-05-12,"KB","Natal_NoDOB_Emi","Yes",1
"Styx",2014-05-24,2016-03-29,"NH","Immigrants1_ImmiDate","No",2
"Sumbawa",2015-01-19,2015-02-24,"CR","Natal_NoDOB_Disappeared","Yes",1
"Suzy",2011-06-01,2015-03-10,"LT","Natal_NoDOB_Emi","Yes",1
"Suzy",2015-03-10,2015-09-01,"FirstLTsplinter","Immigrants1_NoImmiDate_Natal","No",2
"Sylinder",2020-11-24,2022-11-17,"BD","Natal_DOB_NonMigrant_Alive","Yes",1
"Symetric",2015-01-09,2018-03-21,"CR","Natal_NoDOB_Disappeared","Yes",1
"Talinn",2011-12-04,2016-04-21,"NH","Natal_DOB_Emi","Yes",1
"Talinn",2016-04-21,2016-04-21,"Iceland","Immigrants1_NoImmiDate_Natal","No",2
"Tambacounda",2020-05-15,2022-11-17,"NH","Immigrants1_ImmiDate","No",1
"Tanganika",2012-03-13,2015-10-22,"KB","Natal_NoDOB_Disappeared","Yes",1
"Tannie",2010-11-26,2010-12-24,"BD","Natal_NoDOB_Disappeared","Yes",1
"Tastyflavours",2019-12-04,2021-11-23,"LT","Immigrants1_ImmiDate","No",1
"Tchakalaka",2021-05-11,2022-03-17,"AK","Immigrants1_ImmiDate","No",1
"Tchakalaka",2022-06-02,2022-11-17,"NH","Immigrants2_ImmiDate_ToAdd","No",2
"Teddibeer",2014-11-12,2018-07-20,"CR","Natal_DOB_Emi","Yes",1
"Teddibeer",2019-05-25,2022-05-19,"BD","Immigrants1_ImmiDate","No",2
"Teddibeer",2022-06-11,2022-11-17,"LT","Immigrants2_ImmiDate_ToAdd","No",3
"Tere",2009-12-01,2015-03-10,"LT","Natal_DOB_Disappeared","Yes",1
"Tevere",2021-05-31,2022-11-17,"KB","Immigrants1_ImmiDate","No",1
"Thames",2014-11-19,2015-08-26,"KB","Immigrants1_ImmiDate","No",1
"Themask",2014-12-31,2017-02-12,"CR","Natal_NoDOB_Splinter","Yes",1
"Theodore",2011-08-09,2012-02-09,"LT","Immigrants1_ImmiDate","No",1
"Theodore",2012-04-17,2013-01-18,"AK","Immigrants2_ImmiDate_ToAdd","No",2
"Tiki",2021-11-30,2022-11-17,"CR","Natal_NoDOB_NonMigrant_Alive","Yes",1
"Timber",2017-10-16,2022-11-17,"CR","Natal_DOB_NonMigrant_Alive","Yes",1
"Tipies",2011-04-26,2012-11-13,"BD","Natal_NoDOB_Emi","Yes",1
"Tipies",2012-11-13,2013-01-31,"InBetweeners","Immigrants1_NoImmiDate_Natal","No",2
"Tirroan",2012-10-11,2017-12-30,"NH","Natal_DOB_Disappeared","Yes",1
"Tonga",2015-01-06,2017-02-14,"CR","Natal_NoDOB_Disappeared","Yes",1
"Toronto",2011-12-16,2014-06-11,"NH","Natal_NoDOB_Emi","Yes",1
"Toronto",2014-06-16,2016-02-13,"BD","Immigrants1_ImmiDate","No",2
"Tortuga",2015-07-22,2020-07-18,"CR","Natal_NoDOB_Disappeared","Yes",1
"Toulouse",2014-10-30,2016-04-14,"NH","Natal_DOB_Disappeared","Yes",1
"Troia",2010-11-08,2016-04-13,"NH","Natal_NoDOB_Emi","Yes",1
"Troia",2016-04-13,2016-07-12,"Iceland","Immigrants1_NoImmiDate_Natal","No",2
"Tugela",2012-07-03,2015-07-23,"KB","Natal_NoDOB_Disappeared","Yes",1
"Tunis",2011-06-25,2011-11-26,"NH","Natal_NoDOB_Disappeared","Yes",1
"Tweed",2012-04-20,2014-05-10,"KB","Natal_NoDOB_Emi","Yes",1
"Tweed",2014-05-24,2019-09-06,"NH","Immigrants1_ImmiDate","No",2
"Tweed",2020-04-02,2020-10-01,"AK","Immigrants2_ImmiDate_ToAdd","No",3
"Tyler",2017-05-22,2018-02-07,"LT","Immigrants1_ImmiDate","No",1
"Ububhibhi",2011-11-21,2016-05-24,"AK","Natal_DOB_Emi","Yes",1
"Ububhibhi",2016-05-28,2020-06-06,"BD","Immigrants1_ImmiDate","No",2
"Udupi",2021-01-19,2022-11-17,"NH","Natal_DOB_NonMigrant_Alive","Yes",1
"Uji",2013-10-31,2018-05-18,"NH","Natal_DOB_Emi","Yes",1
"Uji",2018-05-26,2018-05-26,"Jacaranda","Immigrants1_ImmiDate","No",2
"Ulaanbaatar",2015-11-16,2020-11-30,"NH","Natal_DOB_Emi","Yes",1
"Ulaanbaatar",2020-12-09,2021-01-15,"IFamily","Immigrants1_ImmiDate","No",2
"Ulaka",2010-12-18,2013-09-14,"AK","Natal_NoDOB_Disappeared","Yes",1
"Ulsan",2018-11-01,2022-11-17,"NH","Natal_DOB_NonMigrant_Alive","Yes",1
"Ulundi",2011-12-01,2016-05-14,"NH","Natal_DOB_Emi","Yes",1
"Ulundi",2016-07-14,2016-07-14,"5males","Immigrants1_ImmiDate","No",2
"Umnak",2015-02-11,2017-02-17,"CR","Natal_NoDOB_Disappeared","Yes",1
"Umtata",2014-12-08,2020-01-04,"NH","Natal_DOB_Disappeared","Yes",1
"Umzali",2014-06-09,2015-09-12,"AK","Immigrants1_ImmiDate","No",1
"Unwabo",2012-10-22,2017-05-03,"AK","Natal_DOB_Emi","Yes",1
"Unwabo",2017-05-04,2017-12-07,"BD","Immigrants1_ImmiDate","No",2
"Uppsala",2010-11-08,2022-11-17,"NH","Natal_NoDOB_NonMigrant_Alive","Yes",1
"Upsidedown",2011-10-28,2011-10-31,"RC","Natal_NoDOB_Disappeared","Yes",1
"Uraniumcity",2017-10-09,2019-02-12,"NH","Natal_DOB_Disappeared","Yes",1
"Utica",2021-11-06,2022-11-17,"NH","Natal_DOB_NonMigrant_Alive","Yes",1
"Utrecht",2020-06-02,2020-10-15,"NH","Immigrants1_ImmiDate","No",1
"Utrecht",2020-11-26,2022-11-17,"NH","Immigrants2_ImmiDate_ToAdd","No",2
"Uvac",2012-08-01,2015-02-13,"KB","Immigrants1_NoImmiDate_NonNatal","No",1
"Uvac",2015-02-19,2016-06-15,"Intaka","Immigrants2_ImmiDate_ToAdd","No",2
"Vakie",2011-11-17,2017-03-11,"BD","Natal_DOB_Disappeared","Yes",1
"Valerie",2012-09-24,2015-05-21,"LT","Natal_DOB_Disappeared","Yes",1
"Vance",2013-12-01,2015-11-05,"LT","Natal_DOB_Disappeared","Yes",1
"Vancouver",2015-09-01,2018-05-28,"CR","Immigrants1_ImmiDate","No",1
"Vancouver",2018-05-29,2019-11-29,"BD","Immigrants2_ImmiDate_ToAdd","No",2
"Vascorossi",2011-09-29,2011-11-25,"RC","Immigrants1_NoImmiDate_NonNatal","No",1
"Venezia",2011-02-19,2010-10-31,"NH","Natal_NoDOB_Disappeared","Yes",1
"Victoria",2011-12-16,2015-04-09,"LT","Natal_NoDOB_Emi","Yes",1
"Victoria",2015-04-09,2015-11-01,"FirstLTsplinter","Immigrants1_NoImmiDate_Natal","No",2
"Vincent",2011-10-01,2016-12-22,"LT","Natal_NoDOB_Emi","Yes",1
"Vincent",2017-02-13,2018-11-19,"BD","Immigrants1_ImmiDate","No",2
"Vladivostok",2020-05-28,2021-06-11,"NH","Immigrants1_ImmiDate","No",1
"Vladivostok",2021-06-11,2022-11-17,"AK","Immigrants2_ImmiDate_ToAdd","No",2
"Voldemort",2012-02-03,2014-06-03,"LT","Immigrants1_ImmiDate","No",1
"Voldemort",2014-06-09,2015-12-30,"AK","Immigrants2_ImmiDate_ToAdd","No",2
"Vroutjie",2011-04-26,2014-01-05,"BD","Natal_NoDOB_Emi","Yes",1
"Vroutjie",2014-01-05,2016-06-15,"Intaka","Immigrants1_NoImmiDate_Natal","No",2
"Vryheid",2022-06-10,2022-11-17,"NH","Immigrants1_ImmiDate","No",1
"Vulkaan",2012-11-14,2018-06-06,"BD","Natal_DOB_Emi","Yes",1
"Vulkaan",2020-04-16,2022-11-17,"NH","Immigrants1_ImmiDate","No",2
"Warnemnde",2020-09-23,2021-12-20,"NH","Immigrants1_ImmiDate","No",1
"Warnemnde",2022-06-06,2022-11-17,"BD","Immigrants2_ImmiDate_ToAdd","No",2
"Washingtonbabylon",2019-03-18,2020-02-26,"NH","Immigrants1_ImmiDate","No",1
"Watnou",2011-12-09,2013-01-24,"BD","Natal_NoDOB_Disappeared","Yes",1
"Wavyears",2021-05-21,2022-11-17,"CR","Natal_NoDOB_NonMigrant_Alive","Yes",1
"Wesley",2015-05-20,2018-02-20,"LT","Immigrants1_ImmiDate","No",1
"Whiskers",2015-01-06,2017-02-12,"CR","Natal_NoDOB_Splinter","Yes",1
"Wietnie",2011-05-09,2014-01-05,"BD","Natal_NoDOB_Emi","Yes",1
"Wietnie",2014-01-05,2016-06-15,"Intaka","Immigrants1_NoImmiDate_Natal","No",2
"William",2011-01-19,2012-02-14,"LT","Immigrants1_ImmiDate","No",1
"Wolfie",2010-12-01,2015-07-17,"BD","Natal_NoDOB_Emi","Yes",1
"Wolfie",2015-07-20,2018-05-24,"AK","Immigrants1_ImmiDate","No",2
"Wolfie",2018-05-29,2018-12-19,"NH","Immigrants2_ImmiDate_ToAdd","No",3
"Wurm",2012-10-18,2018-05-31,"BD","Natal_DOB_Disappeared","Yes",1
"Xai",2010-11-22,2011-11-01,"RC","Natal_NoDOB_Disappeared","Yes",1
"Xaixai",2010-12-03,2015-10-27,"NH","Natal_NoDOB_Disappeared","Yes",1
"Xalapa",2013-11-20,2022-11-17,"NH","Natal_DOB_NonMigrant_Alive","Yes",1
"Xaltepec",2017-11-18,2020-03-12,"NH","Natal_DOB_Disappeared","Yes",1
"Xars",2021-11-08,2022-11-17,"NH","Natal_DOB_NonMigrant_Alive","Yes",1
"Xenia",2020-11-03,2022-11-17,"NH","Natal_DOB_NonMigrant_Alive","Yes",1
"Xeres",2011-11-29,2016-04-07,"NH","Natal_DOB_Disappeared","Yes",1
"Xian",2012-11-05,2022-11-17,"NH","Natal_DOB_NonMigrant_Alive","Yes",1
"Xiashan",2016-11-14,2021-11-27,"NH","Natal_DOB_Emi","Yes",1
"Xiashan",2022-02-14,2022-06-13,"BD","Immigrants1_ImmiDate","No",2
"Xiashan",2022-08-09,2022-11-17,"BD","Immigrants2_ImmiDate_ToAdd","No",3
"Xihau",2021-10-21,2022-11-17,"NH","Natal_DOB_NonMigrant_Alive","Yes",1
"Xinji",2017-10-20,2022-07-15,"NH","Natal_DOB_Emi","Yes",1
"Xinji",2022-07-16,2022-11-17,"BD","Immigrants1_ImmiDate","No",2
"Xinpu",2018-10-28,2022-11-17,"NH","Natal_DOB_NonMigrant_Alive","Yes",1
"Xinyi",2014-11-14,2015-03-28,"NH","Natal_DOB_Disappeared","Yes",1
"Xiushan",2015-11-13,2022-11-17,"CR","Immigrants1_ImmiDate","No",1
"Xopo",2020-11-23,2022-11-17,"NH","Natal_DOB_NonMigrant_Alive","Yes",1
"Xoxocotla",2010-11-15,2014-02-24,"NH","Natal_DOB_Disappeared","Yes",1
"Yalu",2013-02-09,2021-01-15,"KB","Natal_NoDOB_Disappeared","Yes",1
"Yamp",2021-11-16,2022-11-17,"KB","Natal_DOB_NonMigrant_Alive","Yes",1
"Yamuna",2016-11-23,2022-11-17,"KB","Natal_DOB_NonMigrant_Alive","Yes",1
"Yangtze",2014-01-27,2018-05-01,"KB","Natal_DOB_Emi","Yes",1
"Yangtze",2018-05-14,2020-01-27,"NH","Immigrants1_ImmiDate","No",2
"Yangtze",2020-03-04,2021-11-22,"AK","Immigrants2_ImmiDate_ToAdd","No",3
"Yaounde",2011-01-18,2015-02-20,"NH","Natal_NoDOB_Disappeared","Yes",1
"Yara",2017-11-11,2022-11-17,"KB","Natal_DOB_NonMigrant_Alive","Yes",1
"Yazoo",2018-11-14,2022-11-17,"KB","Natal_DOB_NonMigrant_Alive","Yes",1
"Yell",2015-11-28,2017-01-03,"CR","Immigrants1_ImmiDate","No",1
"Yellowstone",2018-12-04,2022-11-17,"KB","Natal_DOB_NonMigrant_Alive","Yes",1
"Yenissei",2013-01-28,2019-10-26,"KB","Natal_NoDOB_Disappeared","Yes",1
"Yodo",2021-10-03,2022-11-17,"KB","Natal_DOB_NonMigrant_Alive","Yes",1
"Yonne",2020-11-12,2021-01-15,"KB","Natal_DOB_Disappeared","Yes",1
"Yoogali",2012-09-22,2016-04-19,"NH","Natal_DOB_Emi","Yes",1
"Yoogali",2016-04-19,2016-06-25,"Iceland","Immigrants1_NoImmiDate_Natal","No",2
"Yster",2010-11-17,2011-02-12,"BD","Immigrants1_NoImmiDate_NonNatal","No",1
"Yster",2011-08-17,2013-12-18,"AK","Immigrants2_ImmiDate_ToAdd","No",2
"Yub",2021-12-21,2022-11-17,"KB","Natal_DOB_NonMigrant_Alive","Yes",1
"Yukon",2016-11-09,2022-11-17,"KB","Natal_DOB_NonMigrant_Alive","Yes",1
"Yzeron",2017-11-20,2018-09-18,"KB","Natal_DOB_Disappeared","Yes",1
"Zaire",2013-02-08,2015-12-15,"KB","Natal_NoDOB_Emi","Yes",1
"Zaire",2015-12-15,2015-12-15,"KBSplit","Immigrants1_NoImmiDate_Natal","No",2
"Zambezi",2012-05-09,2015-06-22,"KB","Natal_NoDOB_Disappeared","Yes",1
"Zankara",2013-11-11,2015-12-15,"KB","Natal_DOB_Emi","Yes",1
"Zankara",2015-12-15,2015-12-15,"KBSplit","Immigrants1_NoImmiDate_Natal","No",2
"Zanzibar",2013-11-25,2018-05-28,"NH","Natal_DOB_Disappeared","Yes",1
"Zara",2010-11-08,2016-05-25,"NH","Natal_NoDOB_Emi","Yes",1
"Zara",2016-05-25,2016-05-25,"Zfamily","Immigrants1_NoImmiDate_Natal","No",2
"Zave",2015-10-28,2017-02-17,"CR","Immigrants1_ImmiDate","No",1
"Zeerust",2011-12-16,2015-02-24,"NH","Natal_NoDOB_Disappeared","Yes",1
"Zeia",2012-08-31,2015-12-15,"KB","Natal_NoDOB_Emi","Yes",1
"Zeia",2015-12-15,2015-12-15,"KBSplit","Immigrants1_NoImmiDate_Natal","No",2
"Zhengzhou",2012-11-02,2013-08-02,"NH","Natal_DOB_Disappeared","Yes",1
"Zhukovsky",2015-11-16,2016-03-08,"NH","Natal_DOB_Disappeared","Yes",1
"Zinkwazi",2014-10-01,NA,"KB","Natal_DOB_Splinter","Yes",1
"Zion",2011-12-02,2016-02-24,"NH","Natal_DOB_Disappeared","Yes",1
"Zuni",2021-06-01,2021-04-16,"CR","Natal_NoDOB_Disappeared","Yes",1
"Zurich",2011-12-16,2014-05-26,"NH","Natal_NoDOB_Emi","Yes",1
"Zurich",2014-06-03,2016-02-15,"BD","Immigrants1_ImmiDate","No",2
